fulfillment_id,order_id,warehouse_id,promised_delivery_date,shipped_date,actual_delivery_date,status,created_at
ful_5820814f,ord_7b2b2265,wh_8fd252ce,2026-01-16 12:10:05.601026,2026-01-07 12:10:05.601026,2026-01-15 12:10:05.601026,DELIVERED,2026-01-06 12:10:05.601026
ful_0f06a725,ord_c2e36065,wh_c4990f96,2025-10-13 23:10:05.601026,2025-10-08 23:10:05.601026,2025-10-10 23:10:05.601026,DELIVERED,2025-10-06 23:10:05.601026
ful_a5b89571,ord_5d395fca,wh_8fd252ce,2026-06-28 18:10:05.601026,2026-06-20 18:10:05.601026,2026-06-27 18:10:05.601026,DELIVERED,2026-06-19 18:10:05.601026
ful_2ae156b2,ord_556da0ec,wh_8fd252ce,2025-11-17 11:10:05.601026,2025-11-09 11:10:05.601026,2025-11-17 11:10:05.601026,DELIVERED,2025-11-08 11:10:05.601026
ful_dcb3b536,ord_a7928ee7,wh_50d33dfc,2026-08-22 21:10:05.601026,2026-08-12 21:10:05.601026,2026-08-22 21:10:05.601026,DELIVERED,2026-08-10 21:10:05.601026
ful_2d7d7391,ord_f6719826,wh_8fd252ce,2026-03-26 14:10:05.601026,2026-03-15 14:10:05.601026,2026-03-23 14:10:05.601026,DELIVERED,2026-03-13 14:10:05.601026
ful_8ce97d3f,ord_712cf462,wh_c4990f96,2026-05-07 16:10:05.601026,2026-04-26 16:10:05.601026,2026-05-04 16:10:05.601026,DELIVERED,2026-04-24 16:10:05.601026
ful_a9451af5,ord_8ac1b099,wh_c4990f96,2026-05-12 02:10:05.601026,2026-05-01 02:10:05.601026,2026-05-09 02:10:05.601026,DELIVERED,2026-04-29 02:10:05.601026
ful_80e6c0c3,ord_07c05d5f,wh_c4990f96,2026-07-27 08:10:05.601026,2026-07-23 08:10:05.601026,2026-08-01 08:10:05.601026,DELAYED,2026-07-22 08:10:05.601026
ful_c669ec4b,ord_1e0e2970,wh_8fd252ce,2026-05-13 10:10:05.601026,2026-05-07 10:10:05.601026,2026-05-10 10:10:05.601026,DELIVERED,2026-05-05 10:10:05.601026
ful_97845d31,ord_5f9072b2,wh_e8a64ac1,2026-01-31 02:10:05.601026,2026-01-18 02:10:05.601026,2026-01-31 02:10:05.601026,DELIVERED,2026-01-17 02:10:05.601026
ful_26690310,ord_c78333f5,wh_c4990f96,2026-05-02 11:10:05.601026,2026-04-24 11:10:05.601026,2026-05-02 11:10:05.601026,DELIVERED,2026-04-22 11:10:05.601026
ful_f03b985f,ord_ab1bedb3,wh_50d33dfc,2026-09-06 13:10:05.601026,2026-09-03 13:10:05.601026,2026-09-09 13:10:05.601026,DELAYED,2026-08-31 13:10:05.601026
ful_d26d89af,ord_7472e0a7,wh_e8a64ac1,2026-04-09 03:10:05.601026,2026-03-30 03:10:05.601026,2026-04-09 03:10:05.601026,DELIVERED,2026-03-28 03:10:05.601026
ful_43b48a0b,ord_444c7fed,wh_50d33dfc,2026-01-04 20:10:05.601026,2026-01-01 20:10:05.601026,2026-01-04 20:10:05.601026,DELIVERED,2025-12-29 20:10:05.601026
ful_2cfb91e2,ord_8489f075,wh_8fd252ce,2026-02-17 10:10:05.601026,2026-02-04 10:10:05.601026,2026-02-20 10:10:05.601026,DELAYED,2026-02-03 10:10:05.601026
ful_632ebbcd,ord_77268ebe,wh_50d33dfc,2026-05-27 20:10:05.601026,2026-05-18 20:10:05.601026,2026-05-24 20:10:05.601026,DELIVERED,2026-05-16 20:10:05.601026
ful_57877970,ord_a25bf153,wh_c4990f96,2025-10-26 15:10:05.601026,2025-10-23 15:10:05.601026,2025-10-25 15:10:05.601026,DELIVERED,2025-10-20 15:10:05.601026
ful_575620bc,ord_84c8957d,wh_8fd252ce,2026-01-23 15:10:05.601026,2026-01-13 15:10:05.601026,2026-01-21 15:10:05.601026,DELIVERED,2026-01-12 15:10:05.601026
ful_37a43cc2,ord_7cc3bf0a,wh_50d33dfc,2025-10-25 19:10:05.601026,2025-10-16 19:10:05.601026,2025-10-29 19:10:05.601026,DELAYED,2025-10-15 19:10:05.601026
ful_8f647f0e,ord_3b24fec8,wh_50d33dfc,2026-05-01 17:10:05.601026,2026-04-26 17:10:05.601026,2026-04-28 17:10:05.601026,DELIVERED,2026-04-23 17:10:05.601026
ful_5bd85a2a,ord_5d6f69b1,wh_c4990f96,2026-04-27 22:10:05.601026,2026-04-17 22:10:05.601026,2026-04-27 22:10:05.601026,DELIVERED,2026-04-14 22:10:05.601026
ful_51068759,ord_423fa277,wh_c4990f96,2025-10-26 13:10:05.601026,2025-10-19 13:10:05.601026,2025-10-26 13:10:05.601026,DELIVERED,2025-10-18 13:10:05.601026
ful_4a23815d,ord_db68d998,wh_e8a64ac1,2025-11-01 22:10:05.601026,2025-10-20 22:10:05.601026,2025-10-31 22:10:05.601026,DELIVERED,2025-10-18 22:10:05.601026
ful_f38ecbd2,ord_7a2581bf,wh_e8a64ac1,2026-01-04 09:10:05.601026,2025-12-24 09:10:05.601026,2026-01-03 09:10:05.601026,DELIVERED,2025-12-22 09:10:05.601026
ful_d86854be,ord_e6c0db10,wh_50d33dfc,2026-03-30 22:10:05.601026,2026-03-18 22:10:05.601026,2026-03-30 22:10:05.601026,DELIVERED,2026-03-17 22:10:05.601026
ful_e08502fd,ord_0c328dcf,wh_e8a64ac1,2026-03-31 04:10:05.601026,2026-03-21 04:10:05.601026,2026-03-30 04:10:05.601026,DELIVERED,2026-03-18 04:10:05.601026
ful_a6a2ae2f,ord_8be4eade,wh_c4990f96,2026-08-15 16:10:05.601026,2026-08-09 16:10:05.601026,2026-08-15 16:10:05.601026,DELIVERED,2026-08-07 16:10:05.601026
ful_6b99b166,ord_26b08e90,wh_e8a64ac1,2026-03-06 02:10:05.601026,2026-03-01 02:10:05.601026,2026-03-03 02:10:05.601026,DELIVERED,2026-02-27 02:10:05.601026
ful_587e2abb,ord_66181dae,wh_50d33dfc,2026-01-22 11:10:05.601026,2026-01-19 11:10:05.601026,2026-01-31 11:10:05.601026,DELAYED,2026-01-17 11:10:05.601026
ful_3b137897,ord_6905e2bf,wh_50d33dfc,2026-04-11 10:10:05.601026,2026-03-30 10:10:05.601026,2026-04-09 10:10:05.601026,DELIVERED,2026-03-28 10:10:05.601026
ful_462381aa,ord_3aac22a6,wh_8fd252ce,2026-06-28 21:10:05.601026,2026-06-24 21:10:05.601026,2026-06-25 21:10:05.601026,DELIVERED,2026-06-23 21:10:05.601026
ful_f97ba5ba,ord_348b016d,wh_50d33dfc,2025-10-06 00:10:05.601026,2025-09-25 00:10:05.601026,2025-10-06 00:10:05.601026,DELIVERED,2025-09-23 00:10:05.601026
ful_1ee15f01,ord_397271a5,wh_e8a64ac1,2026-03-15 04:10:05.601026,2026-03-04 04:10:05.601026,2026-03-15 04:10:05.601026,DELIVERED,2026-03-01 04:10:05.601026
ful_d589f2d2,ord_cac1c271,wh_8fd252ce,2026-02-22 12:10:05.601026,2026-02-18 12:10:05.601026,2026-02-19 12:10:05.601026,DELIVERED,2026-02-15 12:10:05.601026
ful_ee837e4a,ord_57a065d2,wh_c4990f96,2026-03-06 08:10:05.601026,2026-02-21 08:10:05.601026,2026-03-04 08:10:05.601026,DELIVERED,2026-02-20 08:10:05.601026
ful_04ab080b,ord_b2ea2dfc,wh_8fd252ce,2025-10-26 22:10:05.601026,2025-10-22 22:10:05.601026,2025-10-23 22:10:05.601026,DELIVERED,2025-10-19 22:10:05.601026
ful_1c96df8b,ord_c97358e2,wh_8fd252ce,2026-04-08 14:10:05.601026,2026-03-30 14:10:05.601026,2026-04-05 14:10:05.601026,DELIVERED,2026-03-28 14:10:05.601026
ful_4caa9eed,ord_4be4108f,wh_8fd252ce,2026-01-25 07:10:05.601026,2026-01-15 07:10:05.601026,2026-01-24 07:10:05.601026,DELIVERED,2026-01-14 07:10:05.601026
ful_4a14a1bd,ord_f7cb4ece,wh_50d33dfc,2026-07-19 21:10:05.601026,2026-07-14 21:10:05.601026,2026-07-18 21:10:05.601026,DELIVERED,2026-07-12 21:10:05.601026
ful_e93c8a72,ord_26ebd3ce,wh_c4990f96,2026-04-01 22:10:05.601026,2026-03-22 22:10:05.601026,2026-03-29 22:10:05.601026,DELIVERED,2026-03-19 22:10:05.601026
ful_24a1e0af,ord_49a40f4c,wh_8fd252ce,2025-10-01 23:10:05.601026,2025-09-28 23:10:05.601026,2025-09-30 23:10:05.601026,DELIVERED,2025-09-25 23:10:05.601026
ful_329c1a4b,ord_60d6e43e,wh_e8a64ac1,2026-02-16 03:10:05.601026,2026-02-11 03:10:05.601026,2026-02-22 03:10:05.601026,DELAYED,2026-02-09 03:10:05.601026
ful_e631c4e7,ord_d25778d4,wh_50d33dfc,2025-11-06 11:10:05.601026,2025-10-25 11:10:05.601026,2025-11-06 11:10:05.601026,DELIVERED,2025-10-23 11:10:05.601026
ful_9e02a16f,ord_f245b05b,wh_8fd252ce,2026-05-30 16:10:05.601026,2026-05-20 16:10:05.601026,2026-06-07 16:10:05.601026,DELAYED,2026-05-17 16:10:05.601026
ful_b5ead9a5,ord_3781ac6a,wh_50d33dfc,2026-05-20 15:10:05.601026,2026-05-12 15:10:05.601026,2026-05-28 15:10:05.601026,DELAYED,2026-05-09 15:10:05.601026
ful_eaf66fa9,ord_763201cb,wh_e8a64ac1,2026-07-01 22:10:05.601026,2026-06-25 22:10:05.601026,2026-06-30 22:10:05.601026,DELIVERED,2026-06-23 22:10:05.601026
ful_a140bb6e,ord_572ff3f8,wh_8fd252ce,2025-10-19 00:10:05.601026,2025-10-09 00:10:05.601026,2025-10-18 00:10:05.601026,DELIVERED,2025-10-07 00:10:05.601026
ful_47fe2358,ord_cc19c970,wh_8fd252ce,2026-06-19 09:10:05.601026,2026-06-08 09:10:05.601026,2026-06-19 09:10:05.601026,DELIVERED,2026-06-06 09:10:05.601026
ful_d5cd45a7,ord_1e8c5495,wh_e8a64ac1,2026-01-19 20:10:05.601026,2026-01-12 20:10:05.601026,2026-01-17 20:10:05.601026,DELIVERED,2026-01-10 20:10:05.601026
ful_7a4c5743,ord_b03a0229,wh_e8a64ac1,2026-08-18 18:10:05.601026,2026-08-12 18:10:05.601026,2026-08-16 18:10:05.601026,DELIVERED,2026-08-11 18:10:05.601026
ful_be86f424,ord_ca16b273,wh_50d33dfc,2026-04-23 04:10:05.601026,2026-04-11 04:10:05.601026,2026-04-23 04:10:05.601026,DELIVERED,2026-04-09 04:10:05.601026
ful_0d15e8d6,ord_be8b153e,wh_c4990f96,2026-02-09 23:10:05.601026,2026-02-04 23:10:05.601026,2026-02-08 23:10:05.601026,DELIVERED,2026-02-03 23:10:05.601026
ful_d6108544,ord_d2fd8c2b,wh_8fd252ce,2026-02-13 01:10:05.601026,2026-02-09 01:10:05.601026,2026-02-11 01:10:05.601026,DELIVERED,2026-02-06 01:10:05.601026
ful_0fa22145,ord_75810abe,wh_50d33dfc,2026-05-27 21:10:05.601026,2026-05-20 21:10:05.601026,2026-05-24 21:10:05.601026,DELIVERED,2026-05-19 21:10:05.601026
ful_d376d891,ord_204b54c3,wh_e8a64ac1,2026-03-04 16:10:05.601026,2026-02-26 16:10:05.601026,2026-03-01 16:10:05.601026,DELIVERED,2026-02-25 16:10:05.601026
ful_221b6e10,ord_6c11b943,wh_50d33dfc,2026-07-01 03:10:05.601026,2026-06-26 03:10:05.601026,2026-07-01 03:10:05.601026,DELIVERED,2026-06-25 03:10:05.601026
ful_234106b4,ord_36a4b579,wh_e8a64ac1,2026-05-22 17:10:05.601026,2026-05-10 17:10:05.601026,2026-05-19 17:10:05.601026,DELIVERED,2026-05-08 17:10:05.601026
ful_73f4c4f2,ord_c57592d9,wh_e8a64ac1,2026-02-07 14:10:05.601026,2026-02-01 14:10:05.601026,2026-02-06 14:10:05.601026,DELIVERED,2026-01-29 14:10:05.601026
ful_4f1d0561,ord_c7ab1ee4,wh_50d33dfc,2026-02-14 05:10:05.601026,2026-02-03 05:10:05.601026,2026-02-13 05:10:05.601026,DELIVERED,2026-02-01 05:10:05.601026
ful_2baf5ac2,ord_3c83bb0b,wh_50d33dfc,2026-08-27 04:10:05.601026,2026-08-23 04:10:05.601026,2026-08-25 04:10:05.601026,DELIVERED,2026-08-22 04:10:05.601026
ful_8a53d4f9,ord_ab90525e,wh_50d33dfc,2026-07-09 00:10:05.601026,2026-07-07 00:10:05.601026,2026-07-06 00:10:05.601026,DELIVERED,2026-07-04 00:10:05.601026
ful_60e63857,ord_8f705246,wh_e8a64ac1,2026-06-12 06:10:05.601026,2026-05-30 06:10:05.601026,2026-06-10 06:10:05.601026,DELIVERED,2026-05-29 06:10:05.601026
ful_37575120,ord_444eb549,wh_c4990f96,2026-06-30 21:10:05.601026,2026-06-20 21:10:05.601026,2026-06-28 21:10:05.601026,DELIVERED,2026-06-18 21:10:05.601026
ful_dc9a9178,ord_93eaf3a8,wh_50d33dfc,2025-11-13 06:10:05.601026,2025-11-01 06:10:05.601026,2025-11-11 06:10:05.601026,DELIVERED,2025-10-30 06:10:05.601026
ful_533262e9,ord_bcfa52c1,wh_e8a64ac1,2025-12-15 18:10:05.601026,2025-12-11 18:10:05.601026,2025-12-14 18:10:05.601026,DELIVERED,2025-12-08 18:10:05.601026
ful_acf56d68,ord_fb27e606,wh_8fd252ce,2025-12-02 21:10:05.601026,2025-11-26 21:10:05.601026,2025-11-30 21:10:05.601026,DELIVERED,2025-11-24 21:10:05.601026
ful_962cd0e9,ord_19ce2b63,wh_50d33dfc,2025-11-11 18:10:05.601026,2025-10-31 18:10:05.601026,2025-11-10 18:10:05.601026,DELIVERED,2025-10-28 18:10:05.601026
ful_a6b5e3c6,ord_a239a6d3,wh_50d33dfc,2025-10-21 07:10:05.601026,2025-10-19 07:10:05.601026,2025-10-20 07:10:05.601026,DELIVERED,2025-10-16 07:10:05.601026
ful_49ba8575,ord_2b45984d,wh_e8a64ac1,2025-12-13 07:10:05.601026,2025-12-11 07:10:05.601026,2025-12-10 07:10:05.601026,DELIVERED,2025-12-08 07:10:05.601026
ful_72085c4e,ord_f3796992,wh_c4990f96,2026-03-30 06:10:05.601026,2026-03-26 06:10:05.601026,2026-03-29 06:10:05.601026,DELIVERED,2026-03-24 06:10:05.601026
ful_20ea35de,ord_898e6dff,wh_c4990f96,2026-04-10 11:10:05.601026,2026-03-31 11:10:05.601026,2026-04-09 11:10:05.601026,DELIVERED,2026-03-28 11:10:05.601026
ful_d4c1ef53,ord_46abad4c,wh_e8a64ac1,2026-04-23 22:10:05.601026,2026-04-13 22:10:05.601026,2026-04-22 22:10:05.601026,DELIVERED,2026-04-10 22:10:05.601026
ful_aa479b5b,ord_a587fd82,wh_c4990f96,2025-12-14 11:10:05.601026,2025-12-05 11:10:05.601026,2025-12-14 11:10:05.601026,DELIVERED,2025-12-04 11:10:05.601026
ful_8b229ee5,ord_d4ec2fd4,wh_50d33dfc,2026-04-17 23:10:05.601026,2026-04-12 23:10:05.601026,2026-04-17 23:10:05.601026,DELIVERED,2026-04-11 23:10:05.601026
ful_24c97cf7,ord_044c341d,wh_8fd252ce,2025-11-13 15:10:05.601026,2025-11-07 15:10:05.601026,2025-11-10 15:10:05.601026,DELIVERED,2025-11-04 15:10:05.601026
ful_0840a47d,ord_6f3c0c06,wh_8fd252ce,2026-03-13 04:10:05.601026,2026-03-06 04:10:05.601026,2026-03-11 04:10:05.601026,DELIVERED,2026-03-04 04:10:05.601026
ful_494ec139,ord_b26ef91c,wh_c4990f96,2026-08-22 02:10:05.601026,2026-08-12 02:10:05.601026,2026-08-22 02:10:05.601026,DELIVERED,2026-08-09 02:10:05.601026
ful_a88359c1,ord_f0553485,wh_8fd252ce,2026-07-02 17:10:05.601026,2026-06-27 17:10:05.601026,2026-07-01 17:10:05.601026,DELIVERED,2026-06-24 17:10:05.601026
ful_709bf6cf,ord_c5b0cc4d,wh_c4990f96,2026-06-24 06:10:05.601026,2026-06-12 06:10:05.601026,2026-06-22 06:10:05.601026,DELIVERED,2026-06-10 06:10:05.601026
ful_22d15c65,ord_e2db231d,wh_50d33dfc,2026-08-15 16:10:05.601026,2026-08-08 16:10:05.601026,2026-08-15 16:10:05.601026,DELIVERED,2026-08-05 16:10:05.601026
ful_567e4233,ord_9044c505,wh_c4990f96,2026-06-14 09:10:05.601026,2026-06-08 09:10:05.601026,2026-06-14 09:10:05.601026,DELIVERED,2026-06-07 09:10:05.601026
ful_986260cd,ord_965e1a3e,wh_50d33dfc,2026-01-27 11:10:05.601026,2026-01-18 11:10:05.601026,2026-01-24 11:10:05.601026,DELIVERED,2026-01-16 11:10:05.601026
ful_c931eb17,ord_a06d8dbb,wh_e8a64ac1,2026-04-12 21:10:05.601026,2026-03-30 21:10:05.601026,2026-04-10 21:10:05.601026,DELIVERED,2026-03-29 21:10:05.601026
ful_20453e86,ord_29c8153a,wh_e8a64ac1,2026-03-25 02:10:05.601026,2026-03-21 02:10:05.601026,2026-03-25 02:10:05.601026,DELIVERED,2026-03-19 02:10:05.601026
ful_f755dca3,ord_47ea7e75,wh_e8a64ac1,2026-05-29 04:10:05.601026,2026-05-17 04:10:05.601026,2026-05-27 04:10:05.601026,DELIVERED,2026-05-16 04:10:05.601026
ful_652663fd,ord_6bf48f6e,wh_50d33dfc,2026-06-23 12:10:05.601026,2026-06-14 12:10:05.601026,2026-06-23 12:10:05.601026,DELIVERED,2026-06-13 12:10:05.601026
ful_ea2e7f92,ord_eae78fb5,wh_e8a64ac1,2026-06-02 07:10:05.601026,2026-05-29 07:10:05.601026,2026-06-05 07:10:05.601026,DELAYED,2026-05-28 07:10:05.601026
ful_9a4fbd07,ord_c245747c,wh_c4990f96,2026-05-11 01:10:05.601026,2026-05-02 01:10:05.601026,2026-05-08 01:10:05.601026,DELIVERED,2026-04-30 01:10:05.601026
ful_19fc768d,ord_719370b8,wh_50d33dfc,2025-11-13 10:10:05.601026,2025-11-09 10:10:05.601026,2025-11-13 10:10:05.601026,DELIVERED,2025-11-07 10:10:05.601026
ful_59225d32,ord_e176b240,wh_8fd252ce,2026-09-09 16:10:05.601026,2026-08-31 16:10:05.601026,2026-09-06 16:10:05.601026,DELIVERED,2026-08-28 16:10:05.601026
ful_82f8f2bd,ord_00710927,wh_c4990f96,2026-08-17 07:10:05.601026,2026-08-15 07:10:05.601026,2026-08-14 07:10:05.601026,DELIVERED,2026-08-12 07:10:05.601026
ful_d907fc56,ord_958b153a,wh_c4990f96,2025-10-18 23:10:05.601026,2025-10-15 23:10:05.601026,2025-10-16 23:10:05.601026,DELIVERED,2025-10-13 23:10:05.601026
ful_0dde9828,ord_3f93da90,wh_c4990f96,2025-12-04 14:10:05.601026,2025-11-29 14:10:05.601026,2025-12-04 14:10:05.601026,DELIVERED,2025-11-28 14:10:05.601026
ful_52bdf0f8,ord_27bf0dff,wh_8fd252ce,2025-11-30 10:10:05.601026,2025-11-25 10:10:05.601026,2025-11-28 10:10:05.601026,DELIVERED,2025-11-22 10:10:05.601026
ful_268e958b,ord_807b044c,wh_e8a64ac1,2026-06-13 00:10:05.601026,2026-06-02 00:10:05.601026,2026-06-12 00:10:05.601026,DELIVERED,2026-05-31 00:10:05.601026
ful_36d89b4d,ord_19f27e2d,wh_50d33dfc,2026-01-13 14:10:05.601026,2026-01-10 14:10:05.601026,2026-01-12 14:10:05.601026,DELIVERED,2026-01-07 14:10:05.601026
ful_89c65cfe,ord_ce443ba0,wh_8fd252ce,2026-07-17 07:10:05.601026,2026-07-10 07:10:05.601026,2026-07-17 07:10:05.601026,DELIVERED,2026-07-09 07:10:05.601026
ful_681128ce,ord_0e0c2a6e,wh_c4990f96,2026-06-25 09:10:05.601026,2026-06-14 09:10:05.601026,2026-06-25 09:10:05.601026,DELIVERED,2026-06-13 09:10:05.601026
ful_21919b6d,ord_d982101b,wh_c4990f96,2026-07-30 07:10:05.601026,2026-07-18 07:10:05.601026,2026-07-30 07:10:05.601026,DELIVERED,2026-07-17 07:10:05.601026
ful_42d552cd,ord_f1d5a3f7,wh_e8a64ac1,2025-11-24 12:10:05.601026,2025-11-20 12:10:05.601026,2025-12-03 12:10:05.601026,DELAYED,2025-11-18 12:10:05.601026
ful_b0b4ab45,ord_d9cfc608,wh_e8a64ac1,2026-01-29 14:10:05.601026,2026-01-22 14:10:05.601026,2026-01-29 14:10:05.601026,DELIVERED,2026-01-20 14:10:05.601026
ful_ae68fc53,ord_89fd2a2f,wh_8fd252ce,2025-10-11 23:10:05.601026,2025-10-07 23:10:05.601026,2025-10-09 23:10:05.601026,DELIVERED,2025-10-04 23:10:05.601026
ful_d7154aa0,ord_9be2c09b,wh_e8a64ac1,2026-03-01 17:10:05.601026,2026-02-23 17:10:05.601026,2026-02-27 17:10:05.601026,DELIVERED,2026-02-22 17:10:05.601026
ful_22aa51b7,ord_34d0f8d9,wh_8fd252ce,2026-01-09 14:10:05.601026,2026-01-07 14:10:05.601026,2026-01-06 14:10:05.601026,DELIVERED,2026-01-04 14:10:05.601026
ful_7db12365,ord_16b2dc8f,wh_c4990f96,2026-06-23 06:10:05.601026,2026-06-16 06:10:05.601026,2026-06-22 06:10:05.601026,DELIVERED,2026-06-13 06:10:05.601026
ful_c3961c5e,ord_cff40d7e,wh_c4990f96,2026-04-14 21:10:05.601026,2026-04-01 21:10:05.601026,2026-04-12 21:10:05.601026,DELIVERED,2026-03-31 21:10:05.601026
ful_56bf7618,ord_9588f847,wh_e8a64ac1,2026-05-30 03:10:05.601026,2026-05-17 03:10:05.601026,2026-05-28 03:10:05.601026,DELIVERED,2026-05-16 03:10:05.601026
ful_ce8b9036,ord_a3d623c3,wh_50d33dfc,2026-05-02 01:10:05.601026,2026-04-27 01:10:05.601026,2026-05-01 01:10:05.601026,DELIVERED,2026-04-25 01:10:05.601026
ful_7245b811,ord_ff7ab2b5,wh_e8a64ac1,2026-08-29 03:10:05.601026,2026-08-24 03:10:05.601026,2026-08-26 03:10:05.601026,DELIVERED,2026-08-21 03:10:05.601026
ful_57ac6bd5,ord_41fbd57d,wh_8fd252ce,2026-04-30 13:10:05.601026,2026-04-27 13:10:05.601026,2026-04-27 13:10:05.601026,DELIVERED,2026-04-24 13:10:05.601026
ful_7325b35a,ord_24363310,wh_50d33dfc,2025-12-31 19:10:05.601026,2025-12-27 19:10:05.601026,2025-12-31 19:10:05.601026,DELIVERED,2025-12-24 19:10:05.601026
ful_9a38288c,ord_1b896845,wh_e8a64ac1,2026-07-22 00:10:05.601026,2026-07-11 00:10:05.601026,2026-07-28 00:10:05.601026,DELAYED,2026-07-09 00:10:05.601026
ful_a0aa88ff,ord_74ba7d95,wh_c4990f96,2026-06-24 06:10:05.601026,2026-06-18 06:10:05.601026,2026-06-23 06:10:05.601026,DELIVERED,2026-06-16 06:10:05.601026
ful_77fb2894,ord_57713c81,wh_e8a64ac1,2026-01-26 14:10:05.601026,2026-01-20 14:10:05.601026,2026-01-23 14:10:05.601026,DELIVERED,2026-01-17 14:10:05.601026
ful_3bfbe7a8,ord_af8fade8,wh_50d33dfc,2025-12-12 05:10:05.601026,2025-12-06 05:10:05.601026,2025-12-12 05:10:05.601026,DELIVERED,2025-12-03 05:10:05.601026
ful_c05a0089,ord_a1c5cb53,wh_e8a64ac1,2026-01-04 07:10:05.601026,2025-12-27 07:10:05.601026,2026-01-03 07:10:05.601026,DELIVERED,2025-12-24 07:10:05.601026
ful_346e8115,ord_1718db7a,wh_c4990f96,2026-08-13 18:10:05.601026,2026-08-09 18:10:05.601026,2026-08-13 18:10:05.601026,DELIVERED,2026-08-07 18:10:05.601026
ful_69ee8cdd,ord_9f974f0f,wh_50d33dfc,2026-05-31 23:10:05.601026,2026-05-25 23:10:05.601026,2026-05-29 23:10:05.601026,DELIVERED,2026-05-22 23:10:05.601026
ful_e034875f,ord_8902b84f,wh_8fd252ce,2026-07-22 01:10:05.601026,2026-07-16 01:10:05.601026,2026-07-25 01:10:05.601026,DELAYED,2026-07-13 01:10:05.601026
ful_9579f1f5,ord_7f613822,wh_c4990f96,2026-02-15 11:10:05.601026,2026-02-09 11:10:05.601026,2026-02-13 11:10:05.601026,DELIVERED,2026-02-06 11:10:05.601026
ful_e5dc14cf,ord_4fe2403c,wh_50d33dfc,2025-12-30 20:10:05.601026,2025-12-22 20:10:05.601026,2025-12-29 20:10:05.601026,DELIVERED,2025-12-21 20:10:05.601026
ful_6a70cdfc,ord_5b713efc,wh_50d33dfc,2026-08-28 19:10:05.601026,2026-08-15 19:10:05.601026,2026-08-27 19:10:05.601026,DELIVERED,2026-08-14 19:10:05.601026
ful_a603d887,ord_5b5a40d9,wh_8fd252ce,2026-03-21 23:10:05.601026,2026-03-14 23:10:05.601026,2026-03-18 23:10:05.601026,DELIVERED,2026-03-12 23:10:05.601026
ful_a27b78e8,ord_c8ef9870,wh_e8a64ac1,2026-05-22 15:10:05.601026,2026-05-11 15:10:05.601026,2026-05-21 15:10:05.601026,DELIVERED,2026-05-08 15:10:05.601026
ful_3f9f5569,ord_491114a6,wh_50d33dfc,2025-12-09 09:10:05.601026,2025-11-30 09:10:05.601026,2025-12-07 09:10:05.601026,DELIVERED,2025-11-27 09:10:05.601026
ful_980b7646,ord_eee252e6,wh_c4990f96,2026-09-12 13:10:05.601026,2026-09-02 13:10:05.601026,2026-09-12 13:10:05.601026,DELIVERED,2026-08-31 13:10:05.601026
ful_d6fe52de,ord_49c2771d,wh_c4990f96,2026-08-13 19:10:05.601026,2026-08-05 19:10:05.601026,2026-08-10 19:10:05.601026,DELIVERED,2026-08-03 19:10:05.601026
ful_98e26d8d,ord_4e603b92,wh_8fd252ce,2026-02-12 01:10:05.601026,2026-02-08 01:10:05.601026,2026-02-15 01:10:05.601026,DELAYED,2026-02-06 01:10:05.601026
ful_579e43e1,ord_d29b0b6b,wh_e8a64ac1,2026-01-08 21:10:05.601026,2025-12-31 21:10:05.601026,2026-01-05 21:10:05.601026,DELIVERED,2025-12-29 21:10:05.601026
ful_a6253ff1,ord_d377f255,wh_e8a64ac1,2026-08-30 05:10:05.601026,2026-08-22 05:10:05.601026,2026-08-29 05:10:05.601026,DELIVERED,2026-08-19 05:10:05.601026
ful_d67cb437,ord_1b1c232d,wh_50d33dfc,2026-01-19 16:10:05.601026,2026-01-06 16:10:05.601026,2026-01-18 16:10:05.601026,DELIVERED,2026-01-05 16:10:05.601026
ful_e35ee214,ord_3bec9845,wh_e8a64ac1,2025-12-11 05:10:05.601026,2025-12-03 05:10:05.601026,2025-12-09 05:10:05.601026,DELIVERED,2025-12-02 05:10:05.601026
ful_ce9a5270,ord_713e188c,wh_50d33dfc,2026-07-12 03:10:05.601026,2026-07-06 03:10:05.601026,2026-07-10 03:10:05.601026,DELIVERED,2026-07-03 03:10:05.601026
ful_5e84fba0,ord_e21ef8e6,wh_c4990f96,2026-03-02 13:10:05.601026,2026-02-19 13:10:05.601026,2026-03-01 13:10:05.601026,DELIVERED,2026-02-16 13:10:05.601026
ful_01dac00f,ord_164dc640,wh_8fd252ce,2026-07-23 23:10:05.601026,2026-07-11 23:10:05.601026,2026-07-23 23:10:05.601026,DELIVERED,2026-07-09 23:10:05.601026
ful_dadc5c66,ord_8f26ea98,wh_8fd252ce,2025-11-23 11:10:05.601026,2025-11-21 11:10:05.601026,2025-11-21 11:10:05.601026,DELIVERED,2025-11-18 11:10:05.601026
ful_133eef6c,ord_2e24c228,wh_50d33dfc,2026-08-06 13:10:05.601026,2026-07-29 13:10:05.601026,2026-08-03 13:10:05.601026,DELIVERED,2026-07-27 13:10:05.601026
ful_7c9eb30c,ord_d9440477,wh_8fd252ce,2026-01-08 12:10:05.601026,2025-12-29 12:10:05.601026,2026-01-06 12:10:05.601026,DELIVERED,2025-12-27 12:10:05.601026
ful_6aabfa05,ord_12537cd6,wh_e8a64ac1,2026-05-18 18:10:05.601026,2026-05-07 18:10:05.601026,2026-05-18 18:10:05.601026,DELIVERED,2026-05-05 18:10:05.601026
ful_5b3a87f8,ord_abd185f1,wh_e8a64ac1,2026-07-12 04:10:05.601026,2026-07-04 04:10:05.601026,2026-07-09 04:10:05.601026,DELIVERED,2026-07-01 04:10:05.601026
ful_f096c464,ord_26a02688,wh_c4990f96,2026-06-13 13:10:05.601026,2026-05-31 13:10:05.601026,2026-06-13 13:10:05.601026,DELIVERED,2026-05-30 13:10:05.601026
ful_2bad6b85,ord_819b2f21,wh_8fd252ce,2025-10-22 02:10:05.601026,2025-10-12 02:10:05.601026,2025-10-22 02:10:05.601026,DELIVERED,2025-10-10 02:10:05.601026
ful_d4bb40ad,ord_a55b0235,wh_50d33dfc,2026-03-29 17:10:05.601026,2026-03-17 17:10:05.601026,2026-03-29 17:10:05.601026,DELIVERED,2026-03-16 17:10:05.601026
ful_b9ea1ac4,ord_ca029d3f,wh_8fd252ce,2026-02-23 12:10:05.601026,2026-02-15 12:10:05.601026,2026-02-21 12:10:05.601026,DELIVERED,2026-02-14 12:10:05.601026
ful_cd7f468b,ord_26d44e5b,wh_8fd252ce,2026-07-12 15:10:05.601026,2026-06-29 15:10:05.601026,2026-07-12 15:10:05.601026,DELIVERED,2026-06-28 15:10:05.601026
ful_0f995197,ord_051454d5,wh_e8a64ac1,2025-11-21 22:10:05.601026,2025-11-08 22:10:05.601026,2025-11-20 22:10:05.601026,DELIVERED,2025-11-07 22:10:05.601026
ful_d87725e2,ord_3ee114db,wh_50d33dfc,2026-07-07 16:10:05.601026,2026-07-04 16:10:05.601026,2026-07-07 16:10:05.601026,DELIVERED,2026-07-02 16:10:05.601026
ful_f6cfc364,ord_ac69f3df,wh_c4990f96,2025-11-08 08:10:05.601026,2025-11-03 08:10:05.601026,2025-11-08 08:10:05.601026,DELIVERED,2025-10-31 08:10:05.601026
ful_dd4c338c,ord_e465b0ce,wh_8fd252ce,2026-07-08 20:10:05.601026,2026-06-26 20:10:05.601026,2026-07-06 20:10:05.601026,DELIVERED,2026-06-24 20:10:05.601026
ful_25659a3c,ord_cfd0a45f,wh_c4990f96,2026-10-01 01:10:05.601026,2026-09-22 01:10:05.601026,2026-09-30 01:10:05.601026,DELIVERED,2026-09-20 01:10:05.601026
ful_a306eaab,ord_d4d515d5,wh_50d33dfc,2026-03-15 00:10:05.601026,2026-03-09 00:10:05.601026,2026-03-13 00:10:05.601026,DELIVERED,2026-03-08 00:10:05.601026
ful_330c99ec,ord_ee7a51ac,wh_50d33dfc,2026-04-06 13:10:05.601026,2026-03-25 13:10:05.601026,2026-04-06 13:10:05.601026,DELIVERED,2026-03-24 13:10:05.601026
ful_93f29fc2,ord_b597fd19,wh_e8a64ac1,2026-03-25 09:10:05.601026,2026-03-20 09:10:05.601026,2026-03-25 09:10:05.601026,DELIVERED,2026-03-17 09:10:05.601026
ful_fbf96223,ord_e39ddfb5,wh_c4990f96,2026-08-03 15:10:05.601026,2026-07-25 15:10:05.601026,2026-08-01 15:10:05.601026,DELIVERED,2026-07-23 15:10:05.601026
ful_11ec7828,ord_4bd82234,wh_c4990f96,2025-09-26 15:10:05.601026,2025-09-24 15:10:05.601026,2025-09-25 15:10:05.601026,DELIVERED,2025-09-21 15:10:05.601026
ful_55f34974,ord_b56087ab,wh_8fd252ce,2026-09-10 00:10:05.601026,2026-09-03 00:10:05.601026,2026-09-10 00:10:05.601026,DELIVERED,2026-08-31 00:10:05.601026
ful_132cbd27,ord_06b0b1d1,wh_50d33dfc,2026-05-01 04:10:05.601026,2026-04-23 04:10:05.601026,2026-04-29 04:10:05.601026,DELIVERED,2026-04-21 04:10:05.601026
ful_0742fd89,ord_cc7b87c6,wh_e8a64ac1,2025-11-04 21:10:05.601026,2025-10-24 21:10:05.601026,2025-11-04 21:10:05.601026,DELIVERED,2025-10-23 21:10:05.601026
ful_8b0007b6,ord_50932d32,wh_e8a64ac1,2026-07-30 05:10:05.601026,2026-07-19 05:10:05.601026,2026-07-27 05:10:05.601026,DELIVERED,2026-07-17 05:10:05.601026
ful_8caf326b,ord_07f4d05a,wh_50d33dfc,2026-06-02 08:10:05.601026,2026-05-29 08:10:05.601026,2026-06-08 08:10:05.601026,DELAYED,2026-05-28 08:10:05.601026
ful_0683b184,ord_64ce7307,wh_e8a64ac1,2025-11-30 21:10:05.601026,2025-11-21 21:10:05.601026,2025-11-30 21:10:05.601026,DELIVERED,2025-11-18 21:10:05.601026
ful_0e28e7b0,ord_7cc0ae9b,wh_8fd252ce,2026-06-23 01:10:05.601026,2026-06-14 01:10:05.601026,2026-06-23 01:10:05.601026,DELIVERED,2026-06-13 01:10:05.601026
ful_c45ac181,ord_270e161c,wh_e8a64ac1,2026-03-09 08:10:05.601026,2026-02-26 08:10:05.601026,2026-03-12 08:10:05.601026,DELAYED,2026-02-25 08:10:05.601026
ful_ae6edbea,ord_da84b05e,wh_8fd252ce,2026-02-27 19:10:05.601026,2026-02-21 19:10:05.601026,2026-02-26 19:10:05.601026,DELIVERED,2026-02-20 19:10:05.601026
ful_11e1f236,ord_ab5bf893,wh_8fd252ce,2026-08-21 08:10:05.601026,2026-08-13 08:10:05.601026,2026-08-24 08:10:05.601026,DELAYED,2026-08-12 08:10:05.601026
ful_4f887a1f,ord_8ce95799,wh_8fd252ce,2026-06-22 11:10:05.601026,2026-06-17 11:10:05.601026,2026-06-22 11:10:05.601026,DELIVERED,2026-06-15 11:10:05.601026
ful_90aa79f7,ord_41b0108c,wh_50d33dfc,2026-05-23 00:10:05.601026,2026-05-16 00:10:05.601026,2026-05-23 00:10:05.601026,DELIVERED,2026-05-15 00:10:05.601026
ful_6e5c5144,ord_3349df2a,wh_c4990f96,2026-05-23 07:10:05.601026,2026-05-19 07:10:05.601026,2026-05-24 07:10:05.601026,DELAYED,2026-05-16 07:10:05.601026
ful_f055ab93,ord_8021fd26,wh_8fd252ce,2025-11-14 20:10:05.601026,2025-11-11 20:10:05.601026,2025-11-11 20:10:05.601026,DELIVERED,2025-11-08 20:10:05.601026
ful_a10de197,ord_a946b128,wh_e8a64ac1,2026-07-22 06:10:05.601026,2026-07-12 06:10:05.601026,2026-07-19 06:10:05.601026,DELIVERED,2026-07-09 06:10:05.601026
ful_6f114c64,ord_121e4245,wh_e8a64ac1,2026-04-04 15:10:05.601026,2026-03-24 15:10:05.601026,2026-04-01 15:10:05.601026,DELIVERED,2026-03-23 15:10:05.601026
ful_3504a071,ord_1244e902,wh_e8a64ac1,2026-08-18 20:10:05.601026,2026-08-07 20:10:05.601026,2026-08-18 20:10:05.601026,DELIVERED,2026-08-04 20:10:05.601026
ful_ba6cee13,ord_ff96af70,wh_e8a64ac1,2025-10-31 09:10:05.601026,2025-10-22 09:10:05.601026,2025-10-30 09:10:05.601026,DELIVERED,2025-10-19 09:10:05.601026
ful_c16a09fb,ord_751c35d1,wh_c4990f96,2026-03-27 17:10:05.601026,2026-03-18 17:10:05.601026,2026-03-27 17:10:05.601026,DELIVERED,2026-03-15 17:10:05.601026
ful_73c0adc1,ord_8fe0e080,wh_8fd252ce,2026-01-05 04:10:05.601026,2025-12-25 04:10:05.601026,2026-01-04 04:10:05.601026,DELIVERED,2025-12-24 04:10:05.601026
ful_226dbf93,ord_194b5fde,wh_8fd252ce,2025-10-31 00:10:05.601026,2025-10-25 00:10:05.601026,2025-10-29 00:10:05.601026,DELIVERED,2025-10-23 00:10:05.601026
ful_1e1b4efa,ord_737fef54,wh_50d33dfc,2025-10-24 15:10:05.601026,2025-10-20 15:10:05.601026,2025-10-23 15:10:05.601026,DELIVERED,2025-10-17 15:10:05.601026
ful_45ad54c3,ord_9a6815af,wh_8fd252ce,2025-12-08 17:10:05.601026,2025-12-05 17:10:05.601026,2025-12-06 17:10:05.601026,DELIVERED,2025-12-03 17:10:05.601026
ful_10189815,ord_3c91c8d3,wh_c4990f96,2026-02-25 03:10:05.601026,2026-02-19 03:10:05.601026,2026-02-24 03:10:05.601026,DELIVERED,2026-02-18 03:10:05.601026
ful_abe1a0fd,ord_064126c7,wh_8fd252ce,2025-09-27 21:10:05.601026,2025-09-19 21:10:05.601026,2025-10-01 21:10:05.601026,DELAYED,2025-09-18 21:10:05.601026
ful_74f954ab,ord_c42c4ea2,wh_8fd252ce,2026-01-19 15:10:05.601026,2026-01-16 15:10:05.601026,2026-01-28 15:10:05.601026,DELAYED,2026-01-13 15:10:05.601026
ful_85af2d81,ord_7050cffc,wh_c4990f96,2026-05-20 09:10:05.601026,2026-05-13 09:10:05.601026,2026-05-19 09:10:05.601026,DELIVERED,2026-05-10 09:10:05.601026
ful_6b5c6922,ord_6f84925e,wh_e8a64ac1,2025-11-03 09:10:05.601026,2025-10-29 09:10:05.601026,2025-10-31 09:10:05.601026,DELIVERED,2025-10-26 09:10:05.601026
ful_72e0ef85,ord_1004dcc1,wh_50d33dfc,2026-02-23 23:10:05.601026,2026-02-17 23:10:05.601026,2026-02-20 23:10:05.601026,DELIVERED,2026-02-15 23:10:05.601026
ful_bcbbc75f,ord_e5b862e6,wh_50d33dfc,2026-06-22 16:10:05.601026,2026-06-11 16:10:05.601026,2026-06-21 16:10:05.601026,DELIVERED,2026-06-10 16:10:05.601026
ful_b5a7ef6b,ord_3a4eecb4,wh_50d33dfc,2025-12-24 01:10:05.601026,2025-12-17 01:10:05.601026,2025-12-24 01:10:05.601026,DELIVERED,2025-12-16 01:10:05.601026
ful_b0bb605e,ord_60d6a6d7,wh_8fd252ce,2026-03-15 12:10:05.601026,2026-03-04 12:10:05.601026,2026-03-12 12:10:05.601026,DELIVERED,2026-03-01 12:10:05.601026
ful_5695dff7,ord_22ca2e91,wh_c4990f96,2026-04-19 03:10:05.601026,2026-04-08 03:10:05.601026,2026-04-19 03:10:05.601026,DELIVERED,2026-04-07 03:10:05.601026
ful_bd9df8a1,ord_62f5c202,wh_e8a64ac1,2026-03-06 23:10:05.601026,2026-02-28 23:10:05.601026,2026-03-04 23:10:05.601026,DELIVERED,2026-02-26 23:10:05.601026
ful_41e1a942,ord_6b791f88,wh_c4990f96,2026-08-31 16:10:05.601026,2026-08-21 16:10:05.601026,2026-08-30 16:10:05.601026,DELIVERED,2026-08-20 16:10:05.601026
ful_e839cb0d,ord_b39b5cdf,wh_8fd252ce,2026-08-14 20:10:05.601026,2026-08-09 20:10:05.601026,2026-08-13 20:10:05.601026,DELIVERED,2026-08-06 20:10:05.601026
ful_7fea4a44,ord_f4d27180,wh_50d33dfc,2026-03-07 20:10:05.601026,2026-02-28 20:10:05.601026,2026-03-07 20:10:05.601026,DELIVERED,2026-02-27 20:10:05.601026
ful_b193ffb4,ord_1db41f4c,wh_50d33dfc,2026-02-19 05:10:05.601026,2026-02-14 05:10:05.601026,2026-02-16 05:10:05.601026,DELIVERED,2026-02-11 05:10:05.601026
ful_913f7c8d,ord_a6cfac08,wh_50d33dfc,2026-02-04 22:10:05.601026,2026-01-30 22:10:05.601026,2026-02-04 22:10:05.601026,DELIVERED,2026-01-28 22:10:05.601026
ful_e283c5e5,ord_86e158a1,wh_c4990f96,2026-03-09 05:10:05.601026,2026-02-26 05:10:05.601026,2026-03-06 05:10:05.601026,DELIVERED,2026-02-25 05:10:05.601026
ful_2bd2a64b,ord_c41b3501,wh_e8a64ac1,2026-01-22 15:10:05.601026,2026-01-17 15:10:05.601026,2026-01-22 15:10:05.601026,DELIVERED,2026-01-14 15:10:05.601026
ful_1655038f,ord_32f9b9b6,wh_c4990f96,2026-02-24 03:10:05.601026,2026-02-12 03:10:05.601026,2026-02-24 03:10:05.601026,DELIVERED,2026-02-10 03:10:05.601026
ful_05b2412d,ord_dc5b353e,wh_e8a64ac1,2026-05-12 16:10:05.601026,2026-05-01 16:10:05.601026,2026-05-12 16:10:05.601026,DELIVERED,2026-04-29 16:10:05.601026
ful_6b15c457,ord_633a0912,wh_e8a64ac1,2025-11-21 22:10:05.601026,2025-11-10 22:10:05.601026,2025-11-21 22:10:05.601026,DELIVERED,2025-11-07 22:10:05.601026
ful_fae2506f,ord_0740475d,wh_c4990f96,2026-08-20 23:10:05.601026,2026-08-08 23:10:05.601026,2026-08-20 23:10:05.601026,DELIVERED,2026-08-06 23:10:05.601026
ful_83216735,ord_df02f34d,wh_c4990f96,2025-10-11 11:10:05.601026,2025-09-30 11:10:05.601026,2025-10-08 11:10:05.601026,DELIVERED,2025-09-27 11:10:05.601026
ful_f1c70607,ord_92f774a4,wh_8fd252ce,2026-04-20 19:10:05.601026,2026-04-14 19:10:05.601026,2026-04-20 19:10:05.601026,DELIVERED,2026-04-12 19:10:05.601026
ful_1d3a1c46,ord_ad16ae09,wh_8fd252ce,2026-02-21 13:10:05.601026,2026-02-11 13:10:05.601026,2026-02-19 13:10:05.601026,DELIVERED,2026-02-09 13:10:05.601026
ful_1b2762e9,ord_aedb04ad,wh_50d33dfc,2025-12-05 01:10:05.601026,2025-12-01 01:10:05.601026,2025-12-03 01:10:05.601026,DELIVERED,2025-11-29 01:10:05.601026
ful_efb12834,ord_a13da446,wh_c4990f96,2026-01-05 20:10:05.601026,2025-12-28 20:10:05.601026,2026-01-04 20:10:05.601026,DELIVERED,2025-12-25 20:10:05.601026
ful_c57ad0a3,ord_a04d5579,wh_8fd252ce,2026-07-05 08:10:05.601026,2026-06-24 08:10:05.601026,2026-07-14 08:10:05.601026,DELAYED,2026-06-21 08:10:05.601026
ful_6016b9dc,ord_e2e7e198,wh_50d33dfc,2026-04-29 03:10:05.601026,2026-04-22 03:10:05.601026,2026-04-26 03:10:05.601026,DELIVERED,2026-04-19 03:10:05.601026
ful_24e3d3e4,ord_dcb95df4,wh_8fd252ce,2026-03-08 08:10:05.601026,2026-03-04 08:10:05.601026,2026-03-06 08:10:05.601026,DELIVERED,2026-03-02 08:10:05.601026
ful_60579397,ord_ec4986b5,wh_e8a64ac1,2025-10-05 06:10:05.601026,2025-09-28 06:10:05.601026,2025-10-03 06:10:05.601026,DELIVERED,2025-09-25 06:10:05.601026
ful_ceb6b263,ord_0a44b30f,wh_50d33dfc,2026-07-31 13:10:05.601026,2026-07-27 13:10:05.601026,2026-08-03 13:10:05.601026,DELAYED,2026-07-25 13:10:05.601026
ful_9ca43d8e,ord_d4502558,wh_50d33dfc,2026-05-22 08:10:05.601026,2026-05-12 08:10:05.601026,2026-05-19 08:10:05.601026,DELIVERED,2026-05-10 08:10:05.601026
ful_a0de2fc8,ord_a75e5910,wh_c4990f96,2026-07-29 19:10:05.601026,2026-07-23 19:10:05.601026,2026-07-26 19:10:05.601026,DELIVERED,2026-07-20 19:10:05.601026
ful_f7eb4841,ord_46cfc5b0,wh_50d33dfc,2026-07-07 17:10:05.601026,2026-06-28 17:10:05.601026,2026-07-05 17:10:05.601026,DELIVERED,2026-06-25 17:10:05.601026
ful_a51829ec,ord_a47f757b,wh_e8a64ac1,2026-08-30 01:10:05.601026,2026-08-26 01:10:05.601026,2026-08-28 01:10:05.601026,DELIVERED,2026-08-23 01:10:05.601026
ful_e6feb956,ord_a6ca4229,wh_8fd252ce,2026-08-25 23:10:05.601026,2026-08-20 23:10:05.601026,2026-08-22 23:10:05.601026,DELIVERED,2026-08-17 23:10:05.601026
ful_0a54df5f,ord_6dedbadf,wh_e8a64ac1,2026-04-17 09:10:05.601026,2026-04-11 09:10:05.601026,2026-04-17 09:10:05.601026,DELIVERED,2026-04-08 09:10:05.601026
ful_3850d2c4,ord_7bf0c619,wh_c4990f96,2026-08-20 10:10:05.601026,2026-08-08 10:10:05.601026,2026-08-17 10:10:05.601026,DELIVERED,2026-08-07 10:10:05.601026
ful_6cb277ec,ord_29099f1d,wh_c4990f96,2025-10-28 06:10:05.601026,2025-10-26 06:10:05.601026,2025-10-28 06:10:05.601026,DELIVERED,2025-10-23 06:10:05.601026
ful_2adbfc7b,ord_d1a0a2f0,wh_c4990f96,2026-04-14 04:10:05.601026,2026-04-08 04:10:05.601026,2026-04-11 04:10:05.601026,DELIVERED,2026-04-05 04:10:05.601026
ful_5afc01a9,ord_dfc9a802,wh_e8a64ac1,2026-09-07 16:10:05.601026,2026-09-04 16:10:05.601026,2026-09-04 16:10:05.601026,DELIVERED,2026-09-01 16:10:05.601026
ful_0935a01e,ord_8045e56a,wh_c4990f96,2025-09-27 14:10:05.601026,2025-09-25 14:10:05.601026,2025-09-26 14:10:05.601026,DELIVERED,2025-09-22 14:10:05.601026
ful_a19e98f8,ord_d5d4c744,wh_e8a64ac1,2025-11-07 20:10:05.601026,2025-10-28 20:10:05.601026,2025-11-07 20:10:05.601026,DELIVERED,2025-10-26 20:10:05.601026
ful_9050456d,ord_b705969e,wh_c4990f96,2025-12-09 02:10:05.601026,2025-11-28 02:10:05.601026,2025-12-07 02:10:05.601026,DELIVERED,2025-11-25 02:10:05.601026
ful_4daae49e,ord_32aded62,wh_8fd252ce,2026-03-12 01:10:05.601026,2026-03-01 01:10:05.601026,2026-03-09 01:10:05.601026,DELIVERED,2026-02-28 01:10:05.601026
ful_d3883f7f,ord_0216ca19,wh_50d33dfc,2026-03-19 20:10:05.601026,2026-03-11 20:10:05.601026,2026-03-18 20:10:05.601026,DELIVERED,2026-03-09 20:10:05.601026
ful_668cd2b1,ord_42bb8034,wh_e8a64ac1,2026-07-28 12:10:05.601026,2026-07-24 12:10:05.601026,2026-07-26 12:10:05.601026,DELIVERED,2026-07-21 12:10:05.601026
ful_2ba495ae,ord_25024c12,wh_c4990f96,2026-01-15 15:10:05.601026,2026-01-06 15:10:05.601026,2026-01-12 15:10:05.601026,DELIVERED,2026-01-04 15:10:05.601026
ful_5eee9acd,ord_5b7e73d1,wh_8fd252ce,2026-03-06 17:10:05.601026,2026-02-24 17:10:05.601026,2026-03-03 17:10:05.601026,DELIVERED,2026-02-21 17:10:05.601026
ful_7ec79973,ord_50c5659d,wh_e8a64ac1,2026-04-02 08:10:05.601026,2026-03-24 08:10:05.601026,2026-03-31 08:10:05.601026,DELIVERED,2026-03-23 08:10:05.601026
ful_1f75e2f4,ord_f1f65e95,wh_e8a64ac1,2026-06-09 03:10:05.601026,2026-06-04 03:10:05.601026,2026-06-06 03:10:05.601026,DELIVERED,2026-06-02 03:10:05.601026
ful_c346de46,ord_ac7be8a1,wh_8fd252ce,2025-12-30 15:10:05.601026,2025-12-27 15:10:05.601026,2025-12-30 15:10:05.601026,DELIVERED,2025-12-25 15:10:05.601026
ful_eb510586,ord_8531b36a,wh_8fd252ce,2026-04-16 01:10:05.601026,2026-04-05 01:10:05.601026,2026-04-17 01:10:05.601026,DELAYED,2026-04-02 01:10:05.601026
ful_278e1fc4,ord_79178231,wh_e8a64ac1,2026-02-26 02:10:05.601026,2026-02-17 02:10:05.601026,2026-03-07 02:10:05.601026,DELAYED,2026-02-16 02:10:05.601026
ful_fff1ec51,ord_eedcfc66,wh_c4990f96,2025-12-09 11:10:05.601026,2025-12-03 11:10:05.601026,2025-12-08 11:10:05.601026,DELIVERED,2025-12-02 11:10:05.601026
ful_663f60a5,ord_9a0c8b16,wh_50d33dfc,2026-09-17 23:10:05.601026,2026-09-13 23:10:05.601026,2026-09-14 23:10:05.601026,DELIVERED,2026-09-12 23:10:05.601026
ful_67a6c896,ord_e174c69b,wh_e8a64ac1,2026-07-30 12:10:05.601026,2026-07-25 12:10:05.601026,2026-07-27 12:10:05.601026,DELIVERED,2026-07-22 12:10:05.601026
ful_66ebf313,ord_4d103e28,wh_c4990f96,2025-12-09 14:10:05.601026,2025-12-02 14:10:05.601026,2025-12-09 14:10:05.601026,DELIVERED,2025-11-29 14:10:05.601026
ful_cb848900,ord_43b378c5,wh_8fd252ce,2026-02-26 11:10:05.601026,2026-02-19 11:10:05.601026,2026-02-26 11:10:05.601026,DELIVERED,2026-02-17 11:10:05.601026
ful_b9c9aaac,ord_87f9ac7e,wh_c4990f96,2026-04-16 21:10:05.601026,2026-04-06 21:10:05.601026,2026-04-14 21:10:05.601026,DELIVERED,2026-04-03 21:10:05.601026
ful_da2131a3,ord_e1477168,wh_50d33dfc,2026-01-08 19:10:05.601026,2026-01-05 19:10:05.601026,2026-01-06 19:10:05.601026,DELIVERED,2026-01-02 19:10:05.601026
ful_5fdd216a,ord_7d4d6b4d,wh_8fd252ce,2025-12-28 17:10:05.601026,2025-12-21 17:10:05.601026,2026-01-01 17:10:05.601026,DELAYED,2025-12-20 17:10:05.601026
ful_d02c3914,ord_1a4b91b2,wh_e8a64ac1,2026-05-14 02:10:05.601026,2026-05-09 02:10:05.601026,2026-05-11 02:10:05.601026,DELIVERED,2026-05-08 02:10:05.601026
ful_8b866e67,ord_1e29a336,wh_c4990f96,2026-04-03 20:10:05.601026,2026-03-30 20:10:05.601026,2026-04-01 20:10:05.601026,DELIVERED,2026-03-29 20:10:05.601026
ful_9bdd4f45,ord_8127336a,wh_e8a64ac1,2026-02-07 01:10:05.601026,2026-02-01 01:10:05.601026,2026-02-05 01:10:05.601026,DELIVERED,2026-01-31 01:10:05.601026
ful_14561d8b,ord_b55f6858,wh_50d33dfc,2026-05-29 11:10:05.601026,2026-05-26 11:10:05.601026,2026-05-26 11:10:05.601026,DELIVERED,2026-05-24 11:10:05.601026
ful_a7d96b26,ord_7557c636,wh_50d33dfc,2026-07-25 17:10:05.601026,2026-07-16 17:10:05.601026,2026-07-24 17:10:05.601026,DELIVERED,2026-07-14 17:10:05.601026
ful_7645b27b,ord_83547277,wh_50d33dfc,2026-08-08 13:10:05.601026,2026-08-02 13:10:05.601026,2026-08-08 13:10:05.601026,DELIVERED,2026-08-01 13:10:05.601026
ful_e6a6a15a,ord_a0524dde,wh_8fd252ce,2026-07-22 18:10:05.601026,2026-07-12 18:10:05.601026,2026-07-21 18:10:05.601026,DELIVERED,2026-07-10 18:10:05.601026
ful_856ff800,ord_dd3012a5,wh_e8a64ac1,2026-01-03 02:10:05.601026,2025-12-29 02:10:05.601026,2025-12-31 02:10:05.601026,DELIVERED,2025-12-28 02:10:05.601026
ful_78d7ff3c,ord_ef5e9581,wh_50d33dfc,2025-11-13 16:10:05.601026,2025-11-10 16:10:05.601026,2025-11-13 16:10:05.601026,DELIVERED,2025-11-07 16:10:05.601026
ful_014078a3,ord_ae4730e6,wh_8fd252ce,2026-02-06 18:10:05.601026,2026-02-02 18:10:05.601026,2026-02-05 18:10:05.601026,DELIVERED,2026-01-31 18:10:05.601026
ful_4be26063,ord_a8700ef7,wh_50d33dfc,2026-04-10 16:10:05.601026,2026-04-07 16:10:05.601026,2026-04-08 16:10:05.601026,DELIVERED,2026-04-04 16:10:05.601026
ful_943add90,ord_740c2e62,wh_50d33dfc,2026-08-19 09:10:05.601026,2026-08-09 09:10:05.601026,2026-08-19 09:10:05.601026,DELIVERED,2026-08-07 09:10:05.601026
ful_69ebd7c4,ord_b052969b,wh_8fd252ce,2025-12-26 05:10:05.601026,2025-12-21 05:10:05.601026,2025-12-24 05:10:05.601026,DELIVERED,2025-12-20 05:10:05.601026
ful_ce1a0fef,ord_b0ff3ef7,wh_8fd252ce,2025-11-22 06:10:05.601026,2025-11-13 06:10:05.601026,2025-11-22 06:10:05.601026,DELIVERED,2025-11-11 06:10:05.601026
ful_cd90323b,ord_256b90a5,wh_e8a64ac1,2026-01-30 21:10:05.601026,2026-01-23 21:10:05.601026,2026-01-29 21:10:05.601026,DELIVERED,2026-01-20 21:10:05.601026
ful_49131cfa,ord_b94c0be9,wh_8fd252ce,2026-05-15 21:10:05.601026,2026-05-08 21:10:05.601026,2026-05-14 21:10:05.601026,DELIVERED,2026-05-05 21:10:05.601026
ful_8785f26b,ord_ecf371d1,wh_8fd252ce,2026-02-11 04:10:05.601026,2026-02-05 04:10:05.601026,2026-02-11 04:10:05.601026,DELIVERED,2026-02-03 04:10:05.601026
ful_2ac21228,ord_4d4f5e39,wh_c4990f96,2026-03-10 09:10:05.601026,2026-03-04 09:10:05.601026,2026-03-10 09:10:05.601026,DELIVERED,2026-03-02 09:10:05.601026
ful_55f5fec9,ord_fa1b6672,wh_8fd252ce,2026-02-14 21:10:05.601026,2026-02-07 21:10:05.601026,2026-02-14 21:10:05.601026,DELIVERED,2026-02-05 21:10:05.601026
ful_289d2a51,ord_62ba7341,wh_e8a64ac1,2026-06-10 12:10:05.601026,2026-06-01 12:10:05.601026,2026-06-19 12:10:05.601026,DELAYED,2026-05-30 12:10:05.601026
ful_12a81f8d,ord_40bfa3dc,wh_8fd252ce,2026-06-12 08:10:05.601026,2026-06-08 08:10:05.601026,2026-06-12 08:10:05.601026,DELIVERED,2026-06-07 08:10:05.601026
ful_3a5de89e,ord_0cffe1b2,wh_c4990f96,2025-09-27 02:10:05.601026,2025-09-20 02:10:05.601026,2025-09-27 02:10:05.601026,DELIVERED,2025-09-17 02:10:05.601026
ful_10cc81ef,ord_c32ad217,wh_8fd252ce,2026-03-03 11:10:05.601026,2026-02-21 11:10:05.601026,2026-03-02 11:10:05.601026,DELIVERED,2026-02-19 11:10:05.601026
ful_3555b285,ord_ee8f558e,wh_8fd252ce,2025-12-19 02:10:05.601026,2025-12-16 02:10:05.601026,2025-12-16 02:10:05.601026,DELIVERED,2025-12-14 02:10:05.601026
ful_ad18bbc9,ord_42815bc8,wh_8fd252ce,2025-12-28 03:10:05.601026,2025-12-23 03:10:05.601026,2025-12-25 03:10:05.601026,DELIVERED,2025-12-21 03:10:05.601026
ful_e1a0b955,ord_81d213c0,wh_50d33dfc,2026-05-19 21:10:05.601026,2026-05-09 21:10:05.601026,2026-05-18 21:10:05.601026,DELIVERED,2026-05-06 21:10:05.601026
ful_53b2e59d,ord_9d58be86,wh_50d33dfc,2026-07-30 04:10:05.601026,2026-07-24 04:10:05.601026,2026-07-28 04:10:05.601026,DELIVERED,2026-07-23 04:10:05.601026
ful_689d7125,ord_69784b55,wh_8fd252ce,2026-02-21 20:10:05.601026,2026-02-13 20:10:05.601026,2026-02-18 20:10:05.601026,DELIVERED,2026-02-10 20:10:05.601026
ful_fbf9fce9,ord_51d5c3e9,wh_e8a64ac1,2025-12-22 11:10:05.601026,2025-12-14 11:10:05.601026,2025-12-22 11:10:05.601026,DELIVERED,2025-12-13 11:10:05.601026
ful_698086bf,ord_8085bca0,wh_e8a64ac1,2026-06-29 11:10:05.601026,2026-06-17 11:10:05.601026,2026-06-28 11:10:05.601026,DELIVERED,2026-06-16 11:10:05.601026
ful_e66f0fe7,ord_4a9586e5,wh_50d33dfc,2025-10-24 13:10:05.601026,2025-10-17 13:10:05.601026,2025-10-24 13:10:05.601026,DELIVERED,2025-10-16 13:10:05.601026
ful_712f8246,ord_92108b85,wh_8fd252ce,2026-03-12 06:10:05.601026,2026-02-28 06:10:05.601026,2026-03-11 06:10:05.601026,DELIVERED,2026-02-27 06:10:05.601026
ful_b1443ce4,ord_3011ee50,wh_c4990f96,2026-07-07 00:10:05.601026,2026-06-28 00:10:05.601026,2026-07-04 00:10:05.601026,DELIVERED,2026-06-26 00:10:05.601026
ful_945246fb,ord_e4c288bb,wh_c4990f96,2026-04-29 21:10:05.601026,2026-04-19 21:10:05.601026,2026-04-27 21:10:05.601026,DELIVERED,2026-04-17 21:10:05.601026
ful_e24306cf,ord_de94cfaa,wh_8fd252ce,2025-12-21 05:10:05.601026,2025-12-14 05:10:05.601026,2025-12-18 05:10:05.601026,DELIVERED,2025-12-11 05:10:05.601026
ful_a3e8c04e,ord_b6c26bfc,wh_c4990f96,2026-03-01 18:10:05.601026,2026-02-22 18:10:05.601026,2026-02-26 18:10:05.601026,DELIVERED,2026-02-20 18:10:05.601026
ful_509fc4c1,ord_67d55a7a,wh_8fd252ce,2026-06-25 04:10:05.601026,2026-06-22 04:10:05.601026,2026-06-24 04:10:05.601026,DELIVERED,2026-06-19 04:10:05.601026
ful_14e67823,ord_3d430bf7,wh_e8a64ac1,2025-10-02 10:10:05.601026,2025-09-28 10:10:05.601026,2025-09-29 10:10:05.601026,DELIVERED,2025-09-27 10:10:05.601026
ful_96fce77a,ord_523454e4,wh_c4990f96,2025-12-16 01:10:05.601026,2025-12-08 01:10:05.601026,2025-12-13 01:10:05.601026,DELIVERED,2025-12-07 01:10:05.601026
ful_edc22095,ord_f25ed2a2,wh_8fd252ce,2026-05-04 19:10:05.601026,2026-04-24 19:10:05.601026,2026-05-01 19:10:05.601026,DELIVERED,2026-04-21 19:10:05.601026
ful_15505731,ord_22307e01,wh_50d33dfc,2026-08-19 23:10:05.601026,2026-08-11 23:10:05.601026,2026-08-16 23:10:05.601026,DELIVERED,2026-08-08 23:10:05.601026
ful_0b428852,ord_c00c3a95,wh_e8a64ac1,2026-01-14 22:10:05.601026,2026-01-10 22:10:05.601026,2026-01-12 22:10:05.601026,DELIVERED,2026-01-07 22:10:05.601026
ful_4cd8fbb6,ord_bcd6eedb,wh_e8a64ac1,2025-12-25 13:10:05.601026,2025-12-17 13:10:05.601026,2025-12-26 13:10:05.601026,DELAYED,2025-12-16 13:10:05.601026
ful_d5672259,ord_d92fd8cf,wh_50d33dfc,2025-12-31 11:10:05.601026,2025-12-18 11:10:05.601026,2025-12-30 11:10:05.601026,DELIVERED,2025-12-17 11:10:05.601026
ful_d982ed47,ord_79578933,wh_8fd252ce,2025-11-28 12:10:05.601026,2025-11-24 12:10:05.601026,2025-11-28 12:10:05.601026,DELIVERED,2025-11-23 12:10:05.601026
ful_50220b1c,ord_3ae54148,wh_50d33dfc,2026-07-29 09:10:05.601026,2026-07-21 09:10:05.601026,2026-07-26 09:10:05.601026,DELIVERED,2026-07-20 09:10:05.601026
ful_0a7efdc1,ord_72f92404,wh_8fd252ce,2026-03-22 05:10:05.601026,2026-03-15 05:10:05.601026,2026-03-19 05:10:05.601026,DELIVERED,2026-03-14 05:10:05.601026
ful_91e7aa0f,ord_5273f99a,wh_e8a64ac1,2025-10-06 03:10:05.601026,2025-10-01 03:10:05.601026,2025-10-03 03:10:05.601026,DELIVERED,2025-09-29 03:10:05.601026
ful_a69f5d29,ord_6388885e,wh_50d33dfc,2025-12-17 20:10:05.601026,2025-12-06 20:10:05.601026,2025-12-17 20:10:05.601026,DELIVERED,2025-12-04 20:10:05.601026
ful_5253a147,ord_dd8735a1,wh_8fd252ce,2026-04-04 09:10:05.601026,2026-03-30 09:10:05.601026,2026-04-14 09:10:05.601026,DELAYED,2026-03-29 09:10:05.601026
ful_c747acfd,ord_e7c229da,wh_50d33dfc,2026-01-06 17:10:05.601026,2025-12-31 17:10:05.601026,2026-01-05 17:10:05.601026,DELIVERED,2025-12-28 17:10:05.601026
ful_06de2a2e,ord_ac2676f8,wh_e8a64ac1,2025-12-19 03:10:05.601026,2025-12-17 03:10:05.601026,2025-12-17 03:10:05.601026,DELIVERED,2025-12-14 03:10:05.601026
ful_240d4f4e,ord_52703ac6,wh_50d33dfc,2026-02-17 03:10:05.601026,2026-02-10 03:10:05.601026,2026-02-15 03:10:05.601026,DELIVERED,2026-02-09 03:10:05.601026
ful_fa83a8eb,ord_afe52e8d,wh_50d33dfc,2026-01-29 00:10:05.601026,2026-01-19 00:10:05.601026,2026-01-27 00:10:05.601026,DELIVERED,2026-01-16 00:10:05.601026
ful_f8644a1c,ord_fc1deff7,wh_e8a64ac1,2026-08-18 11:10:05.601026,2026-08-15 11:10:05.601026,2026-08-16 11:10:05.601026,DELIVERED,2026-08-13 11:10:05.601026
ful_7f50b6d0,ord_052bd234,wh_c4990f96,2026-08-08 15:10:05.601026,2026-08-05 15:10:05.601026,2026-08-05 15:10:05.601026,DELIVERED,2026-08-02 15:10:05.601026
ful_046932ef,ord_6bae82a6,wh_c4990f96,2026-04-24 20:10:05.601026,2026-04-20 20:10:05.601026,2026-04-22 20:10:05.601026,DELIVERED,2026-04-17 20:10:05.601026
ful_e068b051,ord_949d113b,wh_50d33dfc,2026-06-24 03:10:05.601026,2026-06-14 03:10:05.601026,2026-06-22 03:10:05.601026,DELIVERED,2026-06-13 03:10:05.601026
ful_3fae5ce3,ord_8ac28217,wh_50d33dfc,2026-01-06 12:10:05.601026,2025-12-24 12:10:05.601026,2026-01-04 12:10:05.601026,DELIVERED,2025-12-23 12:10:05.601026
ful_216a7674,ord_2977f59a,wh_c4990f96,2026-04-20 02:10:05.601026,2026-04-17 02:10:05.601026,2026-04-18 02:10:05.601026,DELIVERED,2026-04-15 02:10:05.601026
ful_14714b05,ord_51a22a82,wh_8fd252ce,2026-07-22 04:10:05.601026,2026-07-13 04:10:05.601026,2026-07-21 04:10:05.601026,DELIVERED,2026-07-12 04:10:05.601026
ful_876fa67e,ord_af71d023,wh_8fd252ce,2026-08-06 18:10:05.601026,2026-07-28 18:10:05.601026,2026-08-05 18:10:05.601026,DELIVERED,2026-07-27 18:10:05.601026
ful_4b8c0400,ord_63e47800,wh_8fd252ce,2025-12-15 01:10:05.601026,2025-12-05 01:10:05.601026,2025-12-13 01:10:05.601026,DELIVERED,2025-12-03 01:10:05.601026
ful_729c2bb1,ord_30d9922d,wh_50d33dfc,2025-12-05 06:10:05.601026,2025-12-02 06:10:05.601026,2025-12-04 06:10:05.601026,DELIVERED,2025-11-30 06:10:05.601026
ful_7c7d10c4,ord_e2edf0a5,wh_50d33dfc,2026-07-10 07:10:05.601026,2026-07-02 07:10:05.601026,2026-07-10 07:10:05.601026,DELIVERED,2026-06-29 07:10:05.601026
ful_cc129d2d,ord_bde03680,wh_8fd252ce,2026-04-20 05:10:05.601026,2026-04-10 05:10:05.601026,2026-04-17 05:10:05.601026,DELIVERED,2026-04-07 05:10:05.601026
ful_dad1481d,ord_c411be75,wh_e8a64ac1,2026-01-28 14:10:05.601026,2026-01-26 14:10:05.601026,2026-01-25 14:10:05.601026,DELIVERED,2026-01-23 14:10:05.601026
ful_ce559b43,ord_bbee2538,wh_e8a64ac1,2025-10-06 23:10:05.601026,2025-10-01 23:10:05.601026,2025-10-04 23:10:05.601026,DELIVERED,2025-09-28 23:10:05.601026
ful_3b42bde1,ord_23172fee,wh_50d33dfc,2025-12-06 01:10:05.601026,2025-11-25 01:10:05.601026,2025-12-09 01:10:05.601026,DELAYED,2025-11-22 01:10:05.601026
ful_6a616952,ord_01ff23ca,wh_e8a64ac1,2025-11-21 13:10:05.601026,2025-11-10 13:10:05.601026,2025-11-18 13:10:05.601026,DELIVERED,2025-11-07 13:10:05.601026
ful_b9a065c2,ord_77df3662,wh_c4990f96,2026-05-30 05:10:05.601026,2026-05-17 05:10:05.601026,2026-05-30 05:10:05.601026,DELIVERED,2026-05-16 05:10:05.601026
ful_c34e6ca6,ord_94f881c6,wh_c4990f96,2026-05-23 19:10:05.601026,2026-05-13 19:10:05.601026,2026-05-22 19:10:05.601026,DELIVERED,2026-05-11 19:10:05.601026
ful_dbd0d9d8,ord_85a3365a,wh_50d33dfc,2026-01-18 06:10:05.601026,2026-01-07 06:10:05.601026,2026-01-16 06:10:05.601026,DELIVERED,2026-01-06 06:10:05.601026
ful_28320559,ord_4d615284,wh_e8a64ac1,2026-03-26 08:10:05.601026,2026-03-17 08:10:05.601026,2026-03-23 08:10:05.601026,DELIVERED,2026-03-16 08:10:05.601026
ful_a64a2944,ord_eb62a5ea,wh_8fd252ce,2026-03-15 12:10:05.601026,2026-03-08 12:10:05.601026,2026-03-12 12:10:05.601026,DELIVERED,2026-03-07 12:10:05.601026
ful_fc4429dd,ord_de8b983f,wh_8fd252ce,2026-04-19 08:10:05.601026,2026-04-14 08:10:05.601026,2026-04-18 08:10:05.601026,DELIVERED,2026-04-12 08:10:05.601026
ful_dd8bd2f5,ord_62e0d102,wh_50d33dfc,2025-10-27 08:10:05.601026,2025-10-21 08:10:05.601026,2025-10-25 08:10:05.601026,DELIVERED,2025-10-19 08:10:05.601026
ful_e48b8dc4,ord_bd3bc266,wh_50d33dfc,2026-01-17 07:10:05.601026,2026-01-13 07:10:05.601026,2026-01-14 07:10:05.601026,DELIVERED,2026-01-12 07:10:05.601026
ful_69953f01,ord_1cc933b5,wh_50d33dfc,2026-03-22 02:10:05.601026,2026-03-13 02:10:05.601026,2026-03-19 02:10:05.601026,DELIVERED,2026-03-10 02:10:05.601026
ful_fb5860e8,ord_535d1e0a,wh_c4990f96,2026-07-25 09:10:05.601026,2026-07-13 09:10:05.601026,2026-07-24 09:10:05.601026,DELIVERED,2026-07-11 09:10:05.601026
ful_626212eb,ord_ba1d3d76,wh_8fd252ce,2026-01-28 12:10:05.601026,2026-01-17 12:10:05.601026,2026-01-25 12:10:05.601026,DELIVERED,2026-01-15 12:10:05.601026
ful_36ca34b4,ord_ef2731a7,wh_8fd252ce,2026-08-14 02:10:05.601026,2026-08-08 02:10:05.601026,2026-08-15 02:10:05.601026,DELAYED,2026-08-07 02:10:05.601026
ful_8c0f18fd,ord_8b54f6c6,wh_c4990f96,2026-03-12 09:10:05.601026,2026-03-08 09:10:05.601026,2026-03-10 09:10:05.601026,DELIVERED,2026-03-05 09:10:05.601026
ful_9a8d5ef5,ord_e463236a,wh_8fd252ce,2026-08-26 18:10:05.601026,2026-08-17 18:10:05.601026,2026-08-30 18:10:05.601026,DELAYED,2026-08-14 18:10:05.601026
ful_cbcdd37a,ord_3bfbbeb6,wh_e8a64ac1,2026-04-25 11:10:05.601026,2026-04-12 11:10:05.601026,2026-04-25 11:10:05.601026,DELIVERED,2026-04-11 11:10:05.601026
ful_3c30a392,ord_79cd7d07,wh_8fd252ce,2025-11-16 11:10:05.601026,2025-11-11 11:10:05.601026,2025-11-14 11:10:05.601026,DELIVERED,2025-11-09 11:10:05.601026
ful_c8451405,ord_835dbb1a,wh_c4990f96,2026-01-04 04:10:05.601026,2025-12-30 04:10:05.601026,2026-01-02 04:10:05.601026,DELIVERED,2025-12-29 04:10:05.601026
ful_b4efa675,ord_b4f7d283,wh_50d33dfc,2026-03-07 11:10:05.601026,2026-02-25 11:10:05.601026,2026-03-05 11:10:05.601026,DELIVERED,2026-02-23 11:10:05.601026
ful_287276c0,ord_5181c764,wh_8fd252ce,2025-10-15 21:10:05.601026,2025-10-06 21:10:05.601026,2025-10-12 21:10:05.601026,DELIVERED,2025-10-04 21:10:05.601026
ful_5d08ad19,ord_085c3ea2,wh_c4990f96,2026-05-12 07:10:05.601026,2026-04-30 07:10:05.601026,2026-05-11 07:10:05.601026,DELIVERED,2026-04-29 07:10:05.601026
ful_d51bd744,ord_2f578195,wh_50d33dfc,2026-05-01 03:10:05.601026,2026-04-22 03:10:05.601026,2026-05-02 03:10:05.601026,DELAYED,2026-04-20 03:10:05.601026
ful_82915887,ord_f7d01f79,wh_8fd252ce,2025-12-29 15:10:05.601026,2025-12-19 15:10:05.601026,2025-12-27 15:10:05.601026,DELIVERED,2025-12-17 15:10:05.601026
ful_9bc62234,ord_e0dfa704,wh_e8a64ac1,2026-01-20 05:10:05.601026,2026-01-13 05:10:05.601026,2026-01-18 05:10:05.601026,DELIVERED,2026-01-10 05:10:05.601026
ful_7400ac4a,ord_8f6a7eeb,wh_8fd252ce,2026-07-01 18:10:05.601026,2026-06-21 18:10:05.601026,2026-07-01 18:10:05.601026,DELIVERED,2026-06-20 18:10:05.601026
ful_56750fed,ord_bd519e04,wh_50d33dfc,2026-06-29 17:10:05.601026,2026-06-26 17:10:05.601026,2026-06-26 17:10:05.601026,DELIVERED,2026-06-24 17:10:05.601026
ful_b1201a55,ord_db4173f5,wh_50d33dfc,2026-01-27 19:10:05.601026,2026-01-21 19:10:05.601026,2026-01-24 19:10:05.601026,DELIVERED,2026-01-19 19:10:05.601026
ful_1cb6bb0c,ord_49fbb7a4,wh_50d33dfc,2026-01-04 11:10:05.601026,2025-12-23 11:10:05.601026,2026-01-01 11:10:05.601026,DELIVERED,2025-12-21 11:10:05.601026
ful_38cfbcc1,ord_05281ef3,wh_50d33dfc,2026-05-11 13:10:05.601026,2026-04-30 13:10:05.601026,2026-05-11 13:10:05.601026,DELIVERED,2026-04-28 13:10:05.601026
ful_c39e2a89,ord_ccdccab9,wh_50d33dfc,2026-07-13 09:10:05.601026,2026-07-02 09:10:05.601026,2026-07-10 09:10:05.601026,DELIVERED,2026-06-30 09:10:05.601026
ful_5238b558,ord_38a1d9bd,wh_e8a64ac1,2026-03-23 02:10:05.601026,2026-03-18 02:10:05.601026,2026-03-23 02:10:05.601026,DELIVERED,2026-03-16 02:10:05.601026
ful_bdb83baf,ord_f1fd41f3,wh_c4990f96,2026-07-04 08:10:05.601026,2026-07-01 08:10:05.601026,2026-07-04 08:10:05.601026,DELIVERED,2026-06-28 08:10:05.601026
ful_d2e77a39,ord_6d6ab64c,wh_50d33dfc,2026-08-07 08:10:05.601026,2026-08-01 08:10:05.601026,2026-08-04 08:10:05.601026,DELIVERED,2026-07-29 08:10:05.601026
ful_24bdab5e,ord_0649e028,wh_8fd252ce,2026-02-26 22:10:05.601026,2026-02-19 22:10:05.601026,2026-02-25 22:10:05.601026,DELIVERED,2026-02-18 22:10:05.601026
ful_2d63aa6c,ord_acd07dde,wh_8fd252ce,2026-03-10 16:10:05.601026,2026-03-03 16:10:05.601026,2026-03-09 16:10:05.601026,DELIVERED,2026-03-02 16:10:05.601026
ful_647c2d7e,ord_068de36b,wh_c4990f96,2026-03-26 22:10:05.601026,2026-03-18 22:10:05.601026,2026-03-24 22:10:05.601026,DELIVERED,2026-03-16 22:10:05.601026
ful_73fa5630,ord_9226342c,wh_8fd252ce,2026-05-28 15:10:05.601026,2026-05-21 15:10:05.601026,2026-05-28 15:10:05.601026,DELIVERED,2026-05-19 15:10:05.601026
ful_8307d77d,ord_15664ef1,wh_50d33dfc,2026-04-02 16:10:05.601026,2026-03-30 16:10:05.601026,2026-03-30 16:10:05.601026,DELIVERED,2026-03-28 16:10:05.601026
ful_a26d8249,ord_7005b106,wh_8fd252ce,2026-08-25 00:10:05.601026,2026-08-12 00:10:05.601026,2026-08-25 00:10:05.601026,DELIVERED,2026-08-11 00:10:05.601026
ful_e65a711d,ord_3ddd55e4,wh_c4990f96,2026-03-22 00:10:05.601026,2026-03-11 00:10:05.601026,2026-03-21 00:10:05.601026,DELIVERED,2026-03-10 00:10:05.601026
ful_66cc41fb,ord_633a4c65,wh_e8a64ac1,2026-06-19 07:10:05.601026,2026-06-16 07:10:05.601026,2026-06-19 07:10:05.601026,DELIVERED,2026-06-13 07:10:05.601026
ful_f5bb3fc6,ord_63b9a4a8,wh_8fd252ce,2026-06-17 08:10:05.601026,2026-06-06 08:10:05.601026,2026-06-14 08:10:05.601026,DELIVERED,2026-06-03 08:10:05.601026
ful_9a1b1bc5,ord_d2858440,wh_50d33dfc,2026-07-11 05:10:05.601026,2026-07-04 05:10:05.601026,2026-07-09 05:10:05.601026,DELIVERED,2026-07-03 05:10:05.601026
ful_5b5bde83,ord_ddaeb30d,wh_50d33dfc,2026-02-01 11:10:05.601026,2026-01-22 11:10:05.601026,2026-01-30 11:10:05.601026,DELIVERED,2026-01-20 11:10:05.601026
ful_52a87c77,ord_6de3a0c8,wh_8fd252ce,2026-01-14 18:10:05.601026,2026-01-02 18:10:05.601026,2026-01-14 18:10:05.601026,DELIVERED,2026-01-01 18:10:05.601026
ful_fe80d5dd,ord_64b8af79,wh_50d33dfc,2026-08-27 02:10:05.601026,2026-08-16 02:10:05.601026,2026-08-25 02:10:05.601026,DELIVERED,2026-08-15 02:10:05.601026
ful_8b424baf,ord_6016cf3c,wh_c4990f96,2026-04-02 11:10:05.601026,2026-03-31 11:10:05.601026,2026-03-31 11:10:05.601026,DELIVERED,2026-03-28 11:10:05.601026
ful_c2e1828b,ord_b113169b,wh_50d33dfc,2026-01-23 22:10:05.601026,2026-01-20 22:10:05.601026,2026-01-21 22:10:05.601026,DELIVERED,2026-01-18 22:10:05.601026
ful_cf2d3888,ord_656e2409,wh_50d33dfc,2026-03-04 19:10:05.601026,2026-02-26 19:10:05.601026,2026-03-01 19:10:05.601026,DELIVERED,2026-02-23 19:10:05.601026
ful_dad9d035,ord_a3a8c275,wh_c4990f96,2026-04-12 13:10:05.601026,2026-03-30 13:10:05.601026,2026-04-10 13:10:05.601026,DELIVERED,2026-03-29 13:10:05.601026
ful_87040f9e,ord_c0673b73,wh_8fd252ce,2025-12-01 02:10:05.601026,2025-11-20 02:10:05.601026,2025-11-29 02:10:05.601026,DELIVERED,2025-11-17 02:10:05.601026
ful_f41483cf,ord_acf3a902,wh_c4990f96,2025-12-02 04:10:05.601026,2025-11-25 04:10:05.601026,2025-12-01 04:10:05.601026,DELIVERED,2025-11-24 04:10:05.601026
ful_77943179,ord_91970c06,wh_50d33dfc,2026-08-31 14:10:05.601026,2026-08-23 14:10:05.601026,2026-08-30 14:10:05.601026,DELIVERED,2026-08-20 14:10:05.601026
ful_0fbb169d,ord_ee9a6c0a,wh_8fd252ce,2026-07-02 00:10:05.601026,2026-06-23 00:10:05.601026,2026-07-01 00:10:05.601026,DELIVERED,2026-06-22 00:10:05.601026
ful_4de97ddb,ord_6fa00402,wh_e8a64ac1,2026-05-01 12:10:05.601026,2026-04-19 12:10:05.601026,2026-05-04 12:10:05.601026,DELAYED,2026-04-17 12:10:05.601026
ful_55ee631b,ord_3aa3a7ce,wh_50d33dfc,2026-01-26 01:10:05.601026,2026-01-15 01:10:05.601026,2026-01-23 01:10:05.601026,DELIVERED,2026-01-12 01:10:05.601026
ful_7f73ab6e,ord_575d1190,wh_e8a64ac1,2026-05-22 10:10:05.601026,2026-05-16 10:10:05.601026,2026-05-21 10:10:05.601026,DELIVERED,2026-05-15 10:10:05.601026
ful_c1f35d52,ord_7504ef8b,wh_e8a64ac1,2026-06-13 10:10:05.601026,2026-06-02 10:10:05.601026,2026-06-11 10:10:05.601026,DELIVERED,2026-06-01 10:10:05.601026
ful_f754e269,ord_5c1fcb60,wh_50d33dfc,2026-06-20 18:10:05.601026,2026-06-10 18:10:05.601026,2026-06-28 18:10:05.601026,DELAYED,2026-06-09 18:10:05.601026
ful_6f7c178b,ord_ea358a1f,wh_8fd252ce,2025-10-22 07:10:05.601026,2025-10-14 07:10:05.601026,2025-10-22 07:10:05.601026,DELIVERED,2025-10-12 07:10:05.601026
ful_f8ed896d,ord_c9812fa8,wh_e8a64ac1,2026-08-10 13:10:05.601026,2026-08-01 13:10:05.601026,2026-08-08 13:10:05.601026,DELIVERED,2026-07-30 13:10:05.601026
ful_52c88dcb,ord_a765191d,wh_e8a64ac1,2026-07-10 21:10:05.601026,2026-07-04 21:10:05.601026,2026-07-07 21:10:05.601026,DELIVERED,2026-07-02 21:10:05.601026
ful_fe6d29d8,ord_1759a724,wh_c4990f96,2026-05-22 01:10:05.601026,2026-05-16 01:10:05.601026,2026-05-22 01:10:05.601026,DELIVERED,2026-05-15 01:10:05.601026
ful_cbebfa66,ord_c51e6b42,wh_8fd252ce,2025-12-27 15:10:05.601026,2025-12-16 15:10:05.601026,2025-12-26 15:10:05.601026,DELIVERED,2025-12-13 15:10:05.601026
ful_1046a2f0,ord_1186488a,wh_e8a64ac1,2025-11-23 09:10:05.601026,2025-11-20 09:10:05.601026,2025-11-20 09:10:05.601026,DELIVERED,2025-11-18 09:10:05.601026
ful_d1e38f72,ord_c0159131,wh_50d33dfc,2026-03-27 20:10:05.601026,2026-03-24 20:10:05.601026,2026-03-26 20:10:05.601026,DELIVERED,2026-03-22 20:10:05.601026
ful_33594146,ord_f90c6a27,wh_8fd252ce,2026-07-21 20:10:05.601026,2026-07-13 20:10:05.601026,2026-07-18 20:10:05.601026,DELIVERED,2026-07-10 20:10:05.601026
ful_3e7756c2,ord_bcf292b1,wh_50d33dfc,2026-07-01 02:10:05.601026,2026-06-20 02:10:05.601026,2026-07-01 02:10:05.601026,DELIVERED,2026-06-19 02:10:05.601026
ful_ce835b25,ord_03e1eb28,wh_50d33dfc,2026-05-25 00:10:05.601026,2026-05-21 00:10:05.601026,2026-05-24 00:10:05.601026,DELIVERED,2026-05-18 00:10:05.601026
ful_e3248621,ord_67737cd0,wh_c4990f96,2026-03-04 18:10:05.601026,2026-02-21 18:10:05.601026,2026-03-01 18:10:05.601026,DELIVERED,2026-02-19 18:10:05.601026
ful_b1a7890d,ord_565e9324,wh_e8a64ac1,2026-06-08 09:10:05.601026,2026-06-01 09:10:05.601026,2026-06-08 09:10:05.601026,DELIVERED,2026-05-29 09:10:05.601026
ful_24712d48,ord_267957e6,wh_50d33dfc,2025-09-16 19:10:05.601026,2025-09-10 19:10:05.601026,2025-09-15 19:10:05.601026,DELIVERED,2025-09-08 19:10:05.601026
ful_2401303c,ord_93e9792b,wh_c4990f96,2026-03-18 05:10:05.601026,2026-03-05 05:10:05.601026,2026-03-16 05:10:05.601026,DELIVERED,2026-03-04 05:10:05.601026
ful_86e369f3,ord_884e345f,wh_8fd252ce,2026-05-17 17:10:05.601026,2026-05-10 17:10:05.601026,2026-05-15 17:10:05.601026,DELIVERED,2026-05-09 17:10:05.601026
ful_9ee8c847,ord_be45bc21,wh_8fd252ce,2026-05-24 16:10:05.601026,2026-05-15 16:10:05.601026,2026-05-23 16:10:05.601026,DELIVERED,2026-05-13 16:10:05.601026
ful_da4cef7a,ord_2d034b0b,wh_8fd252ce,2026-04-01 04:10:05.601026,2026-03-21 04:10:05.601026,2026-03-30 04:10:05.601026,DELIVERED,2026-03-20 04:10:05.601026
ful_4d0cbcd2,ord_2660c9c4,wh_8fd252ce,2026-02-11 12:10:05.601026,2026-01-30 12:10:05.601026,2026-02-11 12:10:05.601026,DELIVERED,2026-01-28 12:10:05.601026
ful_41153abe,ord_6b749112,wh_e8a64ac1,2026-02-22 12:10:05.601026,2026-02-13 12:10:05.601026,2026-02-21 12:10:05.601026,DELIVERED,2026-02-11 12:10:05.601026
ful_c3ac0015,ord_0bfe83e6,wh_50d33dfc,2025-11-12 22:10:05.601026,2025-11-01 22:10:05.601026,2025-11-19 22:10:05.601026,DELAYED,2025-10-30 22:10:05.601026
ful_e47a83cb,ord_67308356,wh_8fd252ce,2026-07-11 08:10:05.601026,2026-06-30 08:10:05.601026,2026-07-08 08:10:05.601026,DELIVERED,2026-06-28 08:10:05.601026
ful_e98eba69,ord_e7566f09,wh_8fd252ce,2026-04-21 12:10:05.601026,2026-04-09 12:10:05.601026,2026-04-18 12:10:05.601026,DELIVERED,2026-04-07 12:10:05.601026
ful_e891cbc7,ord_274eb5e6,wh_8fd252ce,2026-06-17 21:10:05.601026,2026-06-12 21:10:05.601026,2026-06-21 21:10:05.601026,DELAYED,2026-06-11 21:10:05.601026
ful_81169aa2,ord_e5906a6e,wh_50d33dfc,2026-02-24 06:10:05.601026,2026-02-13 06:10:05.601026,2026-02-23 06:10:05.601026,DELIVERED,2026-02-11 06:10:05.601026
ful_ef2971b7,ord_526eef75,wh_e8a64ac1,2025-11-04 16:10:05.601026,2025-10-27 16:10:05.601026,2025-11-04 16:10:05.601026,DELIVERED,2025-10-24 16:10:05.601026
ful_d4803f4e,ord_41059631,wh_c4990f96,2026-07-13 18:10:05.601026,2026-07-07 18:10:05.601026,2026-07-12 18:10:05.601026,DELIVERED,2026-07-05 18:10:05.601026
ful_9f70a0f3,ord_20c3a510,wh_50d33dfc,2025-10-14 18:10:05.601026,2025-10-06 18:10:05.601026,2025-10-14 18:10:05.601026,DELIVERED,2025-10-04 18:10:05.601026
ful_13cfb746,ord_843fdbd6,wh_e8a64ac1,2025-11-22 04:10:05.601026,2025-11-16 04:10:05.601026,2025-11-21 04:10:05.601026,DELIVERED,2025-11-15 04:10:05.601026
ful_292662c1,ord_bad50b6d,wh_8fd252ce,2025-10-02 14:10:05.601026,2025-09-26 14:10:05.601026,2025-10-02 14:10:05.601026,DELIVERED,2025-09-25 14:10:05.601026
ful_440553af,ord_61184399,wh_e8a64ac1,2026-09-06 12:10:05.601026,2026-08-31 12:10:05.601026,2026-09-05 12:10:05.601026,DELIVERED,2026-08-29 12:10:05.601026
ful_e32f1b04,ord_d5c82a87,wh_50d33dfc,2025-10-05 17:10:05.601026,2025-09-29 17:10:05.601026,2025-10-02 17:10:05.601026,DELIVERED,2025-09-27 17:10:05.601026
ful_ad076ca3,ord_b14d94e2,wh_e8a64ac1,2025-11-11 11:10:05.601026,2025-10-31 11:10:05.601026,2025-11-08 11:10:05.601026,DELIVERED,2025-10-28 11:10:05.601026
ful_bd509afe,ord_39231e28,wh_50d33dfc,2026-01-14 14:10:05.601026,2026-01-01 14:10:05.601026,2026-01-13 14:10:05.601026,DELIVERED,2025-12-31 14:10:05.601026
ful_eeaf2f88,ord_51e82ab3,wh_c4990f96,2026-05-10 08:10:05.601026,2026-05-04 08:10:05.601026,2026-05-08 08:10:05.601026,DELIVERED,2026-05-01 08:10:05.601026
ful_feef2d02,ord_40a2e601,wh_8fd252ce,2026-06-28 21:10:05.601026,2026-06-19 21:10:05.601026,2026-06-25 21:10:05.601026,DELIVERED,2026-06-16 21:10:05.601026
ful_bc8a9922,ord_9d15929b,wh_c4990f96,2026-08-07 05:10:05.601026,2026-08-02 05:10:05.601026,2026-08-05 05:10:05.601026,DELIVERED,2026-07-30 05:10:05.601026
ful_2ce01967,ord_44c9aeb0,wh_8fd252ce,2025-12-14 18:10:05.601026,2025-12-06 18:10:05.601026,2025-12-12 18:10:05.601026,DELIVERED,2025-12-05 18:10:05.601026
ful_68ffb5cd,ord_71d9c4b1,wh_50d33dfc,2026-08-20 18:10:05.601026,2026-08-07 18:10:05.601026,2026-08-18 18:10:05.601026,DELIVERED,2026-08-06 18:10:05.601026
ful_9d5ee1e2,ord_75de80a7,wh_50d33dfc,2026-05-13 22:10:05.601026,2026-05-07 22:10:05.601026,2026-05-12 22:10:05.601026,DELIVERED,2026-05-06 22:10:05.601026
ful_52959ea1,ord_cb4a9a82,wh_c4990f96,2026-05-02 14:10:05.601026,2026-04-23 14:10:05.601026,2026-05-10 14:10:05.601026,DELAYED,2026-04-21 14:10:05.601026
ful_af85e8ac,ord_1ed6cdb9,wh_8fd252ce,2025-12-09 19:10:05.601026,2025-12-02 19:10:05.601026,2025-12-08 19:10:05.601026,DELIVERED,2025-11-30 19:10:05.601026
ful_a55b7d0b,ord_3e99cd97,wh_50d33dfc,2026-04-30 10:10:05.601026,2026-04-25 10:10:05.601026,2026-04-30 10:10:05.601026,DELIVERED,2026-04-22 10:10:05.601026
ful_79666fc6,ord_97249646,wh_50d33dfc,2026-01-05 02:10:05.601026,2025-12-26 02:10:05.601026,2026-01-02 02:10:05.601026,DELIVERED,2025-12-23 02:10:05.601026
ful_82ce121e,ord_a1534847,wh_c4990f96,2026-07-02 19:10:05.601026,2026-06-28 19:10:05.601026,2026-06-29 19:10:05.601026,DELIVERED,2026-06-26 19:10:05.601026
ful_49a77870,ord_5c7d6ab5,wh_8fd252ce,2026-03-31 06:10:05.601026,2026-03-23 06:10:05.601026,2026-03-31 06:10:05.601026,DELIVERED,2026-03-22 06:10:05.601026
ful_9fd5b0b5,ord_dea15ffb,wh_c4990f96,2026-02-23 17:10:05.601026,2026-02-18 17:10:05.601026,2026-02-22 17:10:05.601026,DELIVERED,2026-02-15 17:10:05.601026
ful_88a5f9fe,ord_97b6c59b,wh_50d33dfc,2025-11-30 05:10:05.601026,2025-11-22 05:10:05.601026,2025-11-28 05:10:05.601026,DELIVERED,2025-11-20 05:10:05.601026
ful_0fd0230c,ord_30bdb576,wh_8fd252ce,2026-07-11 22:10:05.601026,2026-07-02 22:10:05.601026,2026-07-10 22:10:05.601026,DELIVERED,2026-06-30 22:10:05.601026
ful_6cbdb0d1,ord_10da553b,wh_e8a64ac1,2026-07-03 14:10:05.601026,2026-06-26 14:10:05.601026,2026-06-30 14:10:05.601026,DELIVERED,2026-06-25 14:10:05.601026
ful_c280e501,ord_5c662ac5,wh_50d33dfc,2026-08-14 03:10:05.601026,2026-08-11 03:10:05.601026,2026-08-12 03:10:05.601026,DELIVERED,2026-08-09 03:10:05.601026
ful_d90db214,ord_b2e25d44,wh_50d33dfc,2026-07-12 13:10:05.601026,2026-07-03 13:10:05.601026,2026-07-12 13:10:05.601026,DELIVERED,2026-07-01 13:10:05.601026
ful_e89279bb,ord_64234e73,wh_50d33dfc,2026-08-27 21:10:05.601026,2026-08-17 21:10:05.601026,2026-08-25 21:10:05.601026,DELIVERED,2026-08-15 21:10:05.601026
ful_cc630e14,ord_f9453817,wh_8fd252ce,2026-02-05 21:10:05.601026,2026-01-24 21:10:05.601026,2026-02-05 21:10:05.601026,DELIVERED,2026-01-22 21:10:05.601026
ful_71026030,ord_c7228ae6,wh_c4990f96,2025-10-25 18:10:05.601026,2025-10-15 18:10:05.601026,2025-10-23 18:10:05.601026,DELIVERED,2025-10-14 18:10:05.601026
ful_8a547001,ord_f02ad494,wh_e8a64ac1,2026-01-01 13:10:05.601026,2025-12-26 13:10:05.601026,2025-12-30 13:10:05.601026,DELIVERED,2025-12-23 13:10:05.601026
ful_a85b4b08,ord_22145ac3,wh_e8a64ac1,2026-06-12 19:10:05.601026,2026-06-03 19:10:05.601026,2026-06-10 19:10:05.601026,DELIVERED,2026-06-02 19:10:05.601026
ful_459e121d,ord_5f936642,wh_c4990f96,2025-10-24 14:10:05.601026,2025-10-16 14:10:05.601026,2025-10-23 14:10:05.601026,DELIVERED,2025-10-13 14:10:05.601026
ful_bf081fd0,ord_d1d4de72,wh_8fd252ce,2026-01-20 19:10:05.601026,2026-01-14 19:10:05.601026,2026-01-18 19:10:05.601026,DELIVERED,2026-01-13 19:10:05.601026
ful_5e52eb11,ord_56a21ebc,wh_c4990f96,2026-07-20 13:10:05.601026,2026-07-12 13:10:05.601026,2026-07-19 13:10:05.601026,DELIVERED,2026-07-09 13:10:05.601026
ful_8f469075,ord_049c0c8c,wh_c4990f96,2026-06-15 05:10:05.601026,2026-06-09 05:10:05.601026,2026-06-15 05:10:05.601026,DELIVERED,2026-06-08 05:10:05.601026
ful_af6959a9,ord_2208a45a,wh_8fd252ce,2025-10-30 16:10:05.601026,2025-10-20 16:10:05.601026,2025-10-28 16:10:05.601026,DELIVERED,2025-10-19 16:10:05.601026
ful_6102ab91,ord_44ff0d11,wh_50d33dfc,2026-03-20 23:10:05.601026,2026-03-13 23:10:05.601026,2026-03-17 23:10:05.601026,DELIVERED,2026-03-10 23:10:05.601026
ful_8a7adfca,ord_ecc8b933,wh_c4990f96,2026-08-10 08:10:05.601026,2026-08-01 08:10:05.601026,2026-08-10 08:10:05.601026,DELIVERED,2026-07-30 08:10:05.601026
ful_7a725979,ord_3e013912,wh_c4990f96,2026-01-28 11:10:05.601026,2026-01-19 11:10:05.601026,2026-01-28 11:10:05.601026,DELIVERED,2026-01-18 11:10:05.601026
ful_9151a78c,ord_48870909,wh_e8a64ac1,2026-04-09 10:10:05.601026,2026-04-06 10:10:05.601026,2026-04-08 10:10:05.601026,DELIVERED,2026-04-04 10:10:05.601026
ful_cd28462e,ord_dcd53414,wh_e8a64ac1,2026-07-12 04:10:05.601026,2026-07-03 04:10:05.601026,2026-07-11 04:10:05.601026,DELIVERED,2026-07-02 04:10:05.601026
ful_0bf514ca,ord_44591cf3,wh_c4990f96,2026-07-26 06:10:05.601026,2026-07-22 06:10:05.601026,2026-07-26 06:10:05.601026,DELIVERED,2026-07-19 06:10:05.601026
ful_aa7952cb,ord_025c58df,wh_c4990f96,2026-06-10 12:10:05.601026,2026-05-28 12:10:05.601026,2026-06-07 12:10:05.601026,DELIVERED,2026-05-27 12:10:05.601026
ful_6bb480ae,ord_5a377ed0,wh_e8a64ac1,2026-01-28 04:10:05.601026,2026-01-18 04:10:05.601026,2026-01-26 04:10:05.601026,DELIVERED,2026-01-17 04:10:05.601026
ful_75af4134,ord_7765e137,wh_c4990f96,2025-10-01 02:10:05.601026,2025-09-23 02:10:05.601026,2025-09-29 02:10:05.601026,DELIVERED,2025-09-21 02:10:05.601026
ful_ec8d84e9,ord_958efa63,wh_50d33dfc,2026-08-29 10:10:05.601026,2026-08-26 10:10:05.601026,2026-08-26 10:10:05.601026,DELIVERED,2026-08-24 10:10:05.601026
ful_0e1b472d,ord_45357f43,wh_c4990f96,2025-10-15 05:10:05.601026,2025-10-10 05:10:05.601026,2025-10-13 05:10:05.601026,DELIVERED,2025-10-07 05:10:05.601026
ful_1aaca501,ord_1e246e19,wh_c4990f96,2026-02-18 11:10:05.601026,2026-02-10 11:10:05.601026,2026-02-20 11:10:05.601026,DELAYED,2026-02-07 11:10:05.601026
ful_dcc59c7e,ord_e7de3070,wh_50d33dfc,2025-10-08 16:10:05.601026,2025-10-01 16:10:05.601026,2025-10-07 16:10:05.601026,DELIVERED,2025-09-29 16:10:05.601026
ful_dff56c3b,ord_f38130a7,wh_c4990f96,2026-05-23 19:10:05.601026,2026-05-10 19:10:05.601026,2026-05-23 19:10:05.601026,DELIVERED,2026-05-09 19:10:05.601026
ful_deb68edf,ord_52fedae4,wh_8fd252ce,2026-08-07 09:10:05.601026,2026-08-04 09:10:05.601026,2026-08-06 09:10:05.601026,DELIVERED,2026-08-02 09:10:05.601026
ful_c796ee11,ord_e531e9b6,wh_8fd252ce,2025-11-29 15:10:05.601026,2025-11-21 15:10:05.601026,2025-11-26 15:10:05.601026,DELIVERED,2025-11-19 15:10:05.601026
ful_ff791b08,ord_625f61e7,wh_8fd252ce,2025-12-08 21:10:05.601026,2025-11-28 21:10:05.601026,2025-12-07 21:10:05.601026,DELIVERED,2025-11-27 21:10:05.601026
ful_759a92c3,ord_cb682603,wh_50d33dfc,2026-01-05 01:10:05.601026,2025-12-31 01:10:05.601026,2026-01-04 01:10:05.601026,DELIVERED,2025-12-30 01:10:05.601026
ful_d2bde537,ord_a5ed47fc,wh_e8a64ac1,2026-07-01 09:10:05.601026,2026-06-24 09:10:05.601026,2026-06-29 09:10:05.601026,DELIVERED,2026-06-23 09:10:05.601026
ful_e957202c,ord_cddc0d22,wh_c4990f96,2026-08-22 17:10:05.601026,2026-08-16 17:10:05.601026,2026-08-21 17:10:05.601026,DELIVERED,2026-08-13 17:10:05.601026
ful_33da642b,ord_e82aea3f,wh_e8a64ac1,2025-12-14 18:10:05.601026,2025-12-05 18:10:05.601026,2025-12-11 18:10:05.601026,DELIVERED,2025-12-04 18:10:05.601026
ful_b342812b,ord_7e7008ef,wh_50d33dfc,2026-03-20 06:10:05.601026,2026-03-12 06:10:05.601026,2026-03-20 06:10:05.601026,DELIVERED,2026-03-11 06:10:05.601026
ful_90bb9c41,ord_0e3d64be,wh_e8a64ac1,2026-09-09 11:10:05.601026,2026-08-30 11:10:05.601026,2026-09-09 11:10:05.601026,DELIVERED,2026-08-29 11:10:05.601026
ful_8a7d72d7,ord_f53bff04,wh_50d33dfc,2026-04-29 04:10:05.601026,2026-04-24 04:10:05.601026,2026-04-27 04:10:05.601026,DELIVERED,2026-04-22 04:10:05.601026
ful_ad98fc6f,ord_5358033b,wh_e8a64ac1,2026-04-23 13:10:05.601026,2026-04-17 13:10:05.601026,2026-04-22 13:10:05.601026,DELIVERED,2026-04-15 13:10:05.601026
ful_535d7861,ord_fdcb3db4,wh_e8a64ac1,2026-06-30 11:10:05.601026,2026-06-22 11:10:05.601026,2026-06-28 11:10:05.601026,DELIVERED,2026-06-21 11:10:05.601026
