order_id,customer_id,quotation_id,order_date,total_amount,status
ord_7b2b2265,cust_6449b0f4,quote_54ef1b58,2026-01-06 12:10:05.601026,2321.72,CONFIRMED
ord_c2e36065,cust_bc936013,quote_4dfedf73,2025-10-06 23:10:05.601026,373.25,CONFIRMED
ord_5d395fca,cust_b957ff58,quote_4b041447,2026-06-19 18:10:05.601026,3270.14,CONFIRMED
ord_556da0ec,cust_fa1faded,quote_5eb73df2,2025-11-08 11:10:05.601026,4391.5599999999995,CONFIRMED
ord_a7928ee7,cust_802f59e0,quote_582208c6,2026-08-10 21:10:05.601026,2709.7400000000002,CONFIRMED
ord_f6719826,cust_b2c27d93,quote_e6cd6420,2026-03-13 14:10:05.601026,6068.39,CONFIRMED
ord_712cf462,cust_5fb65258,quote_1f0e4079,2026-04-24 16:10:05.601026,707.86,CONFIRMED
ord_8ac1b099,cust_57020bdd,quote_48be5afb,2026-04-29 02:10:05.601026,1711.1799999999998,CONFIRMED
ord_07c05d5f,cust_405b3327,quote_e075f963,2026-07-22 08:10:05.601026,2397.7200000000003,CONFIRMED
ord_1e0e2970,cust_5e885041,quote_accc42d3,2026-05-05 10:10:05.601026,4235.92,CONFIRMED
ord_5f9072b2,cust_cf13c2af,quote_c579faca,2026-01-17 02:10:05.601026,447.34000000000003,CONFIRMED
ord_c78333f5,cust_4c4e219c,quote_c653e02d,2026-04-22 11:10:05.601026,2641.1400000000003,CONFIRMED
ord_ab1bedb3,cust_16c62d60,quote_2c0d9d95,2026-08-31 13:10:05.601026,1681.67,CONFIRMED
ord_7472e0a7,cust_5471fb8a,quote_803fecf5,2026-03-28 03:10:05.601026,2763.73,CONFIRMED
ord_444c7fed,cust_b8d41557,quote_5745977e,2025-12-29 20:10:05.601026,524.99,CONFIRMED
ord_8489f075,cust_56f06fa7,quote_8ecd306b,2026-02-03 10:10:05.601026,375.83,CONFIRMED
ord_77268ebe,cust_a1d12aca,quote_25ca35eb,2026-05-16 20:10:05.601026,2106.55,CONFIRMED
ord_a25bf153,cust_3880925b,quote_ead3c400,2025-10-20 15:10:05.601026,577.4100000000001,CONFIRMED
ord_84c8957d,cust_1311cb1a,quote_42ee16df,2026-01-12 15:10:05.601026,2437.3900000000003,CONFIRMED
ord_7cc3bf0a,cust_6cd93739,quote_001ce1be,2025-10-15 19:10:05.601026,794.3199999999999,CONFIRMED
ord_3b24fec8,cust_3f9d4565,quote_b6b0f373,2026-04-23 17:10:05.601026,732.3399999999999,CONFIRMED
ord_5d6f69b1,cust_7f9dd2bf,quote_3b9ffe8b,2026-04-14 22:10:05.601026,375.21,CONFIRMED
ord_423fa277,cust_322bbdef,quote_bc5facd1,2025-10-18 13:10:05.601026,2420.73,CONFIRMED
ord_db68d998,cust_1ba4a61c,quote_7b65001c,2025-10-18 22:10:05.601026,1341.7,CONFIRMED
ord_7a2581bf,cust_b8d41557,quote_ecd73996,2025-12-22 09:10:05.601026,1652.54,CONFIRMED
ord_e6c0db10,cust_5329889c,quote_6f5d5c09,2026-03-17 22:10:05.601026,1271.02,CONFIRMED
ord_0c328dcf,cust_db6dac0a,quote_717c58ea,2026-03-18 04:10:05.601026,519.1999999999999,CONFIRMED
ord_8be4eade,cust_db6dac0a,quote_5ff3cb2e,2026-08-07 16:10:05.601026,1243.02,CONFIRMED
ord_26b08e90,cust_4ba29bc8,quote_b14fb616,2026-02-27 02:10:05.601026,1932.38,CONFIRMED
ord_66181dae,cust_275958e1,quote_0f315245,2026-01-17 11:10:05.601026,6917.34,CONFIRMED
ord_6905e2bf,cust_5199088a,quote_47e9f4ea,2026-03-28 10:10:05.601026,1109.27,CONFIRMED
ord_3aac22a6,cust_94257e9c,quote_b41f74fd,2026-06-23 21:10:05.601026,4007.9,CONFIRMED
ord_348b016d,cust_8035f667,quote_de95be28,2025-09-23 00:10:05.601026,1401.1299999999999,CONFIRMED
ord_397271a5,cust_715a01aa,quote_a9de3004,2026-03-01 04:10:05.601026,2437.09,CONFIRMED
ord_cac1c271,cust_94257e9c,quote_6fffde49,2026-02-15 12:10:05.601026,648.1800000000001,CONFIRMED
ord_57a065d2,cust_36b3c9ac,quote_a676ed84,2026-02-20 08:10:05.601026,3463.13,CONFIRMED
ord_b2ea2dfc,cust_f6330c6d,quote_6b77b66a,2025-10-19 22:10:05.601026,560.7299999999999,CONFIRMED
ord_c97358e2,cust_898c54d5,quote_f08db9a6,2026-03-28 14:10:05.601026,2671.9,CONFIRMED
ord_4be4108f,cust_3dc20146,quote_bceb9095,2026-01-14 07:10:05.601026,2436.44,CONFIRMED
ord_f7cb4ece,cust_b4a9dca3,quote_fdb339c2,2026-07-12 21:10:05.601026,1885.32,CONFIRMED
ord_26ebd3ce,cust_1d7b20af,quote_85a00228,2026-03-19 22:10:05.601026,696.22,CONFIRMED
ord_49a40f4c,cust_a2b0c037,quote_86ffd571,2025-09-25 23:10:05.601026,174.85000000000002,CONFIRMED
ord_60d6e43e,cust_c56c6575,quote_b189062d,2026-02-09 03:10:05.601026,569.8100000000001,CONFIRMED
ord_d25778d4,cust_4ba29bc8,quote_d3187e85,2025-10-23 11:10:05.601026,1961.4499999999998,CONFIRMED
ord_f245b05b,cust_b8d41557,quote_588df152,2026-05-17 16:10:05.601026,4479.83,CONFIRMED
ord_3781ac6a,cust_3752d640,quote_96f5b9b1,2026-05-09 15:10:05.601026,1449.47,CONFIRMED
ord_763201cb,cust_802f59e0,quote_c1d1a952,2026-06-23 22:10:05.601026,1948.5700000000002,CONFIRMED
ord_572ff3f8,cust_fb37096e,quote_0580332a,2025-10-07 00:10:05.601026,3937.2999999999997,CONFIRMED
ord_cc19c970,cust_1ff5ebdc,quote_8ca7eae0,2026-06-06 09:10:05.601026,1090.5,CONFIRMED
ord_1e8c5495,cust_8c59fa3f,quote_d773024c,2026-01-10 20:10:05.601026,218.10999999999999,CONFIRMED
ord_b03a0229,cust_e5e2a4d0,quote_1dce41ac,2026-08-11 18:10:05.601026,1572.29,CONFIRMED
ord_ca16b273,cust_42587fc7,quote_5478d714,2026-04-09 04:10:05.601026,2373.63,CONFIRMED
ord_be8b153e,cust_843ab967,quote_b2686d27,2026-02-03 23:10:05.601026,1094.49,CONFIRMED
ord_d2fd8c2b,cust_1ff5ebdc,quote_768005bf,2026-02-06 01:10:05.601026,1918.33,CONFIRMED
ord_75810abe,cust_bc936013,quote_6f6135f7,2026-05-19 21:10:05.601026,324.20000000000005,CONFIRMED
ord_204b54c3,cust_1226e2b4,quote_2d6e85b1,2026-02-25 16:10:05.601026,443.64,CONFIRMED
ord_6c11b943,cust_215bbb49,quote_90c161c5,2026-06-25 03:10:05.601026,942.1600000000001,CONFIRMED
ord_36a4b579,cust_6bebe3ea,quote_7c921524,2026-05-08 17:10:05.601026,6607.91,CONFIRMED
ord_c57592d9,cust_61ea4e53,quote_deaee1c8,2026-01-29 14:10:05.601026,845.8499999999999,CONFIRMED
ord_c7ab1ee4,cust_16c62d60,quote_b50e9c19,2026-02-01 05:10:05.601026,860.34,CONFIRMED
ord_3c83bb0b,cust_405b3327,quote_4d898c29,2026-08-22 04:10:05.601026,206.57999999999998,CONFIRMED
ord_ab90525e,cust_b4a9dca3,quote_6d264b12,2026-07-04 00:10:05.601026,203.18,CONFIRMED
ord_8f705246,cust_898c54d5,quote_c5eb094a,2026-05-29 06:10:05.601026,480.56,CONFIRMED
ord_444eb549,cust_4ba29bc8,quote_2ac4aa4d,2026-06-18 21:10:05.601026,1582.24,CONFIRMED
ord_93eaf3a8,cust_fa1faded,quote_465440e5,2025-10-30 06:10:05.601026,271.62,CONFIRMED
ord_bcfa52c1,cust_3880925b,quote_558e24cc,2025-12-08 18:10:05.601026,1510.8700000000001,CONFIRMED
ord_fb27e606,cust_0b6086ec,quote_c4d53423,2025-11-24 21:10:05.601026,1815.76,CONFIRMED
ord_19ce2b63,cust_c3571491,quote_b7db2742,2025-10-28 18:10:05.601026,1176.77,CONFIRMED
ord_a239a6d3,cust_560682aa,quote_3b9351cb,2025-10-16 07:10:05.601026,1924.24,CONFIRMED
ord_2b45984d,cust_cf13c2af,quote_44b81f39,2025-12-08 07:10:05.601026,821.9699999999999,CONFIRMED
ord_f3796992,cust_faaa7a40,quote_60a55cb2,2026-03-24 06:10:05.601026,6396.26,CONFIRMED
ord_898e6dff,cust_16c62d60,quote_1504cf42,2026-03-28 11:10:05.601026,1128.8899999999999,CONFIRMED
ord_46abad4c,cust_ceb41cd8,quote_810c3db8,2026-04-10 22:10:05.601026,3603.6600000000003,CONFIRMED
ord_a587fd82,cust_5b9af17f,quote_cb65a4cf,2025-12-04 11:10:05.601026,1385.8700000000001,CONFIRMED
ord_d4ec2fd4,cust_5471fb8a,quote_27296229,2026-04-11 23:10:05.601026,2103.11,CONFIRMED
ord_044c341d,cust_c3571491,quote_cc1a86cc,2025-11-04 15:10:05.601026,1984.35,CONFIRMED
ord_6f3c0c06,cust_1cb64aaa,quote_57ffcfd4,2026-03-04 04:10:05.601026,3776.1000000000004,CONFIRMED
ord_b26ef91c,cust_1226e2b4,quote_02faf559,2026-08-09 02:10:05.601026,2459.81,CONFIRMED
ord_f0553485,cust_e7123a90,quote_1423d452,2026-06-24 17:10:05.601026,294.09,CONFIRMED
ord_c5b0cc4d,cust_1226e2b4,quote_1bb16903,2026-06-10 06:10:05.601026,783.6700000000001,CONFIRMED
ord_e2db231d,cust_5199088a,quote_258c2a99,2026-08-05 16:10:05.601026,730.1800000000001,CONFIRMED
ord_9044c505,cust_e7123a90,quote_0bc8e5c9,2026-06-07 09:10:05.601026,1519.46,CONFIRMED
ord_965e1a3e,cust_969bf7c5,quote_2c4cbd4f,2026-01-16 11:10:05.601026,730.74,CONFIRMED
ord_a06d8dbb,cust_ce1f66a4,quote_fbb99867,2026-03-29 21:10:05.601026,1314.51,CONFIRMED
ord_29c8153a,cust_5329889c,quote_a100bba1,2026-03-19 02:10:05.601026,4424.19,CONFIRMED
ord_47ea7e75,cust_ceb41cd8,quote_9c63a5b2,2026-05-16 04:10:05.601026,296.48,CONFIRMED
ord_6bf48f6e,cust_a1d12aca,quote_39ea889c,2026-06-13 12:10:05.601026,4012.09,CONFIRMED
ord_eae78fb5,cust_4c4e219c,quote_827e76c3,2026-05-28 07:10:05.601026,472.32000000000005,CONFIRMED
ord_c245747c,cust_c530da41,quote_374662c8,2026-04-30 01:10:05.601026,1051.1799999999998,CONFIRMED
ord_719370b8,cust_6bebe3ea,quote_f05e21d7,2025-11-07 10:10:05.601026,4323.8,CONFIRMED
ord_e176b240,cust_5fb65258,quote_3e751b17,2026-08-28 16:10:05.601026,2553.9199999999996,CONFIRMED
ord_00710927,cust_faaa7a40,quote_4d361f88,2026-08-12 07:10:05.601026,476.66,CONFIRMED
ord_958b153a,cust_41d19430,quote_76ec3989,2025-10-13 23:10:05.601026,5419.54,CONFIRMED
ord_3f93da90,cust_5329889c,quote_f82d5165,2025-11-28 14:10:05.601026,887.43,CONFIRMED
ord_27bf0dff,cust_4c4e219c,quote_7210be5b,2025-11-22 10:10:05.601026,2669.7599999999998,CONFIRMED
ord_807b044c,cust_5e885041,quote_4355b840,2026-05-31 00:10:05.601026,2282.56,CONFIRMED
ord_19f27e2d,cust_56f06fa7,quote_73b95710,2026-01-07 14:10:05.601026,452.03999999999996,CONFIRMED
ord_ce443ba0,cust_c4924c0b,quote_6cb3440c,2026-07-09 07:10:05.601026,355.25,CONFIRMED
ord_0e0c2a6e,cust_3e2b9a91,quote_a5f2f86f,2026-06-13 09:10:05.601026,792.36,CONFIRMED
ord_d982101b,cust_faaa7a40,quote_85355a30,2026-07-17 07:10:05.601026,23989.91,CONFIRMED
ord_f1d5a3f7,cust_c0594b54,quote_6b860fef,2025-11-18 12:10:05.601026,2102.82,CONFIRMED
ord_d9cfc608,cust_6cd93739,quote_922cee93,2026-01-20 14:10:05.601026,4968.0,CONFIRMED
ord_89fd2a2f,cust_322bbdef,quote_0795a1fd,2025-10-04 23:10:05.601026,3526.7200000000003,CONFIRMED
ord_9be2c09b,cust_b5f9471e,quote_11bf73f7,2026-02-22 17:10:05.601026,3157.31,CONFIRMED
ord_34d0f8d9,cust_f4e1755e,quote_a32ade7e,2026-01-04 14:10:05.601026,6517.16,CONFIRMED
ord_16b2dc8f,cust_7a79b0e8,quote_77265f67,2026-06-13 06:10:05.601026,597.25,CONFIRMED
ord_cff40d7e,cust_9f854076,quote_a47ebd98,2026-03-31 21:10:05.601026,659.45,CONFIRMED
ord_9588f847,cust_c530da41,quote_bdf5db7c,2026-05-16 03:10:05.601026,1980.43,CONFIRMED
ord_a3d623c3,cust_3e2b9a91,quote_fca93426,2026-04-25 01:10:05.601026,2257.89,CONFIRMED
ord_ff7ab2b5,cust_802f59e0,quote_4925f40f,2026-08-21 03:10:05.601026,513.8,CONFIRMED
ord_41fbd57d,cust_88dc3738,quote_b37d7e87,2026-04-24 13:10:05.601026,3214.16,CONFIRMED
ord_24363310,cust_bc936013,quote_79b78de9,2025-12-24 19:10:05.601026,2714.13,CONFIRMED
ord_1b896845,cust_ceb41cd8,quote_ebf8d370,2026-07-09 00:10:05.601026,891.6500000000001,CONFIRMED
ord_74ba7d95,cust_5e885041,quote_290a4076,2026-06-16 06:10:05.601026,569.94,CONFIRMED
ord_57713c81,cust_ceb41cd8,quote_e308de5b,2026-01-17 14:10:05.601026,1889.51,CONFIRMED
ord_af8fade8,cust_efe291d0,quote_cf463198,2025-12-03 05:10:05.601026,494.1700000000001,CONFIRMED
ord_a1c5cb53,cust_7a79b0e8,quote_79475215,2025-12-24 07:10:05.601026,1123.13,CONFIRMED
ord_1718db7a,cust_1226e2b4,quote_a7cae4dc,2026-08-07 18:10:05.601026,3802.69,CONFIRMED
ord_9f974f0f,cust_715a01aa,quote_487ecbe9,2026-05-22 23:10:05.601026,5783.5,CONFIRMED
ord_8902b84f,cust_405b3327,quote_68444243,2026-07-13 01:10:05.601026,5826.3099999999995,CONFIRMED
ord_7f613822,cust_ce1f66a4,quote_9ae92b75,2026-02-06 11:10:05.601026,3213.7000000000003,CONFIRMED
ord_4fe2403c,cust_69492daf,quote_6d9aa000,2025-12-21 20:10:05.601026,12793.38,CONFIRMED
ord_5b713efc,cust_a1d12aca,quote_5b9af37d,2026-08-14 19:10:05.601026,416.91999999999996,CONFIRMED
ord_5b5a40d9,cust_a2b0c037,quote_c0dcd61c,2026-03-12 23:10:05.601026,1700.6499999999999,CONFIRMED
ord_c8ef9870,cust_1ba4a61c,quote_b8bd5cf0,2026-05-08 15:10:05.601026,2761.9900000000002,CONFIRMED
ord_491114a6,cust_42587fc7,quote_9e2c542a,2025-11-27 09:10:05.601026,200.7,CONFIRMED
ord_eee252e6,cust_35bcb900,quote_e93fc500,2026-08-31 13:10:05.601026,4177.99,CONFIRMED
ord_49c2771d,cust_16c62d60,quote_1acd144d,2026-08-03 19:10:05.601026,3990.69,CONFIRMED
ord_4e603b92,cust_4e5d5042,quote_4f56533f,2026-02-06 01:10:05.601026,172.24999999999997,CONFIRMED
ord_d29b0b6b,cust_4d188ce5,quote_ff793d0c,2025-12-29 21:10:05.601026,2971.84,CONFIRMED
ord_d377f255,cust_faaa7a40,quote_057c6cc8,2026-08-19 05:10:05.601026,7022.99,CONFIRMED
ord_1b1c232d,cust_b0bce66f,quote_a5f48273,2026-01-05 16:10:05.601026,501.46,CONFIRMED
ord_3bec9845,cust_f6647730,quote_6a278e9e,2025-12-02 05:10:05.601026,368.54999999999995,CONFIRMED
ord_713e188c,cust_79ddb8e2,quote_59cb7f5d,2026-07-03 03:10:05.601026,436.5,CONFIRMED
ord_e21ef8e6,cust_8c59fa3f,quote_5d5bff4e,2026-02-16 13:10:05.601026,3429.1600000000003,CONFIRMED
ord_164dc640,cust_d1ed441a,quote_bcf04f4a,2026-07-09 23:10:05.601026,1289.6100000000001,CONFIRMED
ord_8f26ea98,cust_1ff88c64,quote_4998f91c,2025-11-18 11:10:05.601026,452.85,CONFIRMED
ord_2e24c228,cust_cf13c2af,quote_bd8b0b93,2026-07-27 13:10:05.601026,397.81,CONFIRMED
ord_d9440477,cust_e7123a90,quote_8036bbf3,2025-12-27 12:10:05.601026,418.44,CONFIRMED
ord_12537cd6,cust_b2c27d93,quote_a4e41506,2026-05-05 18:10:05.601026,1613.9099999999999,CONFIRMED
ord_abd185f1,cust_b0bce66f,quote_4cd07bd2,2026-07-01 04:10:05.601026,1654.68,CONFIRMED
ord_26a02688,cust_4e5d5042,quote_fe52bbf0,2026-05-30 13:10:05.601026,2445.2799999999997,CONFIRMED
ord_819b2f21,cust_3e2b9a91,quote_02e7e6e3,2025-10-10 02:10:05.601026,2241.06,CONFIRMED
ord_a55b0235,cust_8bb8f56a,quote_cbc81ad8,2026-03-16 17:10:05.601026,1441.13,CONFIRMED
ord_ca029d3f,cust_275958e1,quote_7d0eb8da,2026-02-14 12:10:05.601026,11033.3,CONFIRMED
ord_26d44e5b,cust_42587fc7,quote_e623d34e,2026-06-28 15:10:05.601026,3094.75,CONFIRMED
ord_051454d5,cust_7f9dd2bf,quote_1cb3a643,2025-11-07 22:10:05.601026,3062.38,CONFIRMED
ord_3ee114db,cust_405b3327,quote_52c05984,2026-07-02 16:10:05.601026,451.02,CONFIRMED
ord_ac69f3df,cust_c3571491,quote_e6e3b98d,2025-10-31 08:10:05.601026,4536.88,CONFIRMED
ord_e465b0ce,cust_6cd93739,quote_e0ec5644,2026-06-24 20:10:05.601026,1506.74,CONFIRMED
ord_cfd0a45f,cust_e5e2a4d0,quote_7d0410cf,2026-09-20 01:10:05.601026,930.5699999999999,CONFIRMED
ord_d4d515d5,cust_d1ed441a,quote_40b70b2a,2026-03-08 00:10:05.601026,2467.88,CONFIRMED
ord_ee7a51ac,cust_969bf7c5,quote_0ebaf486,2026-03-24 13:10:05.601026,231.96000000000004,CONFIRMED
ord_b597fd19,cust_83055eb2,quote_6f45df54,2026-03-17 09:10:05.601026,632.53,CONFIRMED
ord_e39ddfb5,cust_c4924c0b,quote_8eb21c01,2026-07-23 15:10:05.601026,1905.4,CONFIRMED
ord_4bd82234,cust_4c4e219c,quote_ce18517b,2025-09-21 15:10:05.601026,411.63,CONFIRMED
ord_b56087ab,cust_715a01aa,quote_33e3c770,2026-08-31 00:10:05.601026,3137.26,CONFIRMED
ord_06b0b1d1,cust_b2c27d93,quote_a0a756b5,2026-04-21 04:10:05.601026,5380.47,CONFIRMED
ord_cc7b87c6,cust_fa1faded,quote_9a4d7152,2025-10-23 21:10:05.601026,4545.69,CONFIRMED
ord_50932d32,cust_6cd93739,quote_44cdd529,2026-07-17 05:10:05.601026,739.4,CONFIRMED
ord_07f4d05a,cust_b8d41557,quote_d8694d10,2026-05-28 08:10:05.601026,2882.68,CONFIRMED
ord_64ce7307,cust_6cd93739,quote_526a379b,2025-11-18 21:10:05.601026,4412.570000000001,CONFIRMED
ord_7cc0ae9b,cust_c3571491,quote_bf582f3b,2026-06-13 01:10:05.601026,769.87,CONFIRMED
ord_270e161c,cust_215bbb49,quote_68e84215,2026-02-25 08:10:05.601026,5468.56,CONFIRMED
ord_da84b05e,cust_8bb8f56a,quote_52e572be,2026-02-20 19:10:05.601026,6540.93,CONFIRMED
ord_ab5bf893,cust_5329889c,quote_db0ab351,2026-08-12 08:10:05.601026,3892.7300000000005,CONFIRMED
ord_8ce95799,cust_c4924c0b,quote_fe6bf0b5,2026-06-15 11:10:05.601026,1048.63,CONFIRMED
ord_41b0108c,cust_6cd93739,quote_20b21eab,2026-05-15 00:10:05.601026,1425.24,CONFIRMED
ord_3349df2a,cust_e7123a90,quote_9d6635a1,2026-05-16 07:10:05.601026,1890.5900000000001,CONFIRMED
ord_8021fd26,cust_bc936013,quote_a1caa373,2025-11-08 20:10:05.601026,535.5600000000001,CONFIRMED
ord_a946b128,cust_215bbb49,quote_4957c99c,2026-07-09 06:10:05.601026,529.55,CONFIRMED
ord_121e4245,cust_c0594b54,quote_18c20856,2026-03-23 15:10:05.601026,541.3,CONFIRMED
ord_1244e902,cust_3e2b9a91,quote_dc32a2e7,2026-08-04 20:10:05.601026,367.38000000000005,CONFIRMED
ord_ff96af70,cust_3e7091d4,quote_2242fb06,2025-10-19 09:10:05.601026,4513.4,CONFIRMED
ord_751c35d1,cust_f6330c6d,quote_3a0859c3,2026-03-15 17:10:05.601026,1513.3899999999999,CONFIRMED
ord_8fe0e080,cust_db6dac0a,quote_b3e80871,2025-12-24 04:10:05.601026,1408.92,CONFIRMED
ord_194b5fde,cust_1ba4a61c,quote_9ab361ea,2025-10-23 00:10:05.601026,558.47,CONFIRMED
ord_737fef54,cust_ceb41cd8,quote_ba7d305f,2025-10-17 15:10:05.601026,4684.37,CONFIRMED
ord_9a6815af,cust_b4a9dca3,quote_668f49e6,2025-12-03 17:10:05.601026,1138.47,CONFIRMED
ord_3c91c8d3,cust_405b3327,quote_f80c2b39,2026-02-18 03:10:05.601026,1218.73,CONFIRMED
ord_064126c7,cust_a1d12aca,quote_86338960,2025-09-18 21:10:05.601026,1717.36,CONFIRMED
ord_c42c4ea2,cust_12b82827,quote_9429b0b1,2026-01-13 15:10:05.601026,93.61,CONFIRMED
ord_7050cffc,cust_215bbb49,quote_ae27469a,2026-05-10 09:10:05.601026,1239.15,CONFIRMED
ord_6f84925e,cust_94257e9c,quote_938444ca,2025-10-26 09:10:05.601026,303.77,CONFIRMED
ord_1004dcc1,cust_6449b0f4,quote_0eb4ae9f,2026-02-15 23:10:05.601026,3349.88,CONFIRMED
ord_e5b862e6,cust_94257e9c,quote_65c2466d,2026-06-10 16:10:05.601026,4187.53,CONFIRMED
ord_3a4eecb4,cust_94257e9c,quote_05434570,2025-12-16 01:10:05.601026,715.28,CONFIRMED
ord_60d6a6d7,cust_ce1f66a4,quote_417d5077,2026-03-01 12:10:05.601026,1310.02,CONFIRMED
ord_22ca2e91,cust_5fb65258,quote_630e6517,2026-04-07 03:10:05.601026,3846.8499999999995,CONFIRMED
ord_62f5c202,cust_c56c6575,quote_0ad7f529,2026-02-26 23:10:05.601026,2075.4399999999996,CONFIRMED
ord_6b791f88,cust_560682aa,quote_90aa1f18,2026-08-20 16:10:05.601026,5904.3,CONFIRMED
ord_b39b5cdf,cust_fb37096e,quote_52d19ea3,2026-08-06 20:10:05.601026,48.48,CONFIRMED
ord_f4d27180,cust_e5e2a4d0,quote_3d96d1d5,2026-02-27 20:10:05.601026,3035.76,CONFIRMED
ord_1db41f4c,cust_e5e2a4d0,quote_e4d42c0c,2026-02-11 05:10:05.601026,1202.31,CONFIRMED
ord_a6cfac08,cust_88dc3738,quote_b6521adf,2026-01-28 22:10:05.601026,6062.1,CONFIRMED
ord_86e158a1,cust_12b82827,quote_0dbcc4c0,2026-02-25 05:10:05.601026,872.3100000000001,CONFIRMED
ord_c41b3501,cust_1ff5ebdc,quote_f032df93,2026-01-14 15:10:05.601026,836.4000000000001,CONFIRMED
ord_32f9b9b6,cust_c530da41,quote_31bad0b7,2026-02-10 03:10:05.601026,2546.18,CONFIRMED
ord_dc5b353e,cust_6bebe3ea,quote_85978745,2026-04-29 16:10:05.601026,5015.38,CONFIRMED
ord_633a0912,cust_4604301d,quote_a52dc623,2025-11-07 22:10:05.601026,3834.7400000000002,CONFIRMED
ord_0740475d,cust_0b27ce82,quote_be0fa530,2026-08-06 23:10:05.601026,4271.92,CONFIRMED
ord_df02f34d,cust_969bf7c5,quote_f2a42e29,2025-09-27 11:10:05.601026,3658.49,CONFIRMED
ord_92f774a4,cust_12b82827,quote_796467ac,2026-04-12 19:10:05.601026,2884.79,CONFIRMED
ord_ad16ae09,cust_ebc95cba,quote_bc69f4f3,2026-02-09 13:10:05.601026,1394.83,CONFIRMED
ord_aedb04ad,cust_b2c27d93,quote_7de6c1a0,2025-11-29 01:10:05.601026,11426.09,CONFIRMED
ord_a13da446,cust_f4e1755e,quote_3c20acc6,2025-12-25 20:10:05.601026,824.49,CONFIRMED
ord_a04d5579,cust_8035f667,quote_30e04d03,2026-06-21 08:10:05.601026,2602.11,CONFIRMED
ord_e2e7e198,cust_4c4e219c,quote_7121056b,2026-04-19 03:10:05.601026,3036.2599999999998,CONFIRMED
ord_dcb95df4,cust_b47eadfa,quote_157fac2d,2026-03-02 08:10:05.601026,1494.05,CONFIRMED
ord_ec4986b5,cust_f6330c6d,quote_cbff89d9,2025-09-25 06:10:05.601026,4580.13,CONFIRMED
ord_0a44b30f,cust_3880925b,quote_d235e579,2026-07-25 13:10:05.601026,8132.030000000001,CONFIRMED
ord_d4502558,cust_e7123a90,quote_e2628d6b,2026-05-10 08:10:05.601026,787.04,CONFIRMED
ord_a75e5910,cust_16c62d60,quote_bbe423d8,2026-07-20 19:10:05.601026,2085.3,CONFIRMED
ord_46cfc5b0,cust_4e5d5042,quote_d51f3ff8,2026-06-25 17:10:05.601026,4936.74,CONFIRMED
ord_a47f757b,cust_8bb8f56a,quote_b55d8955,2026-08-23 01:10:05.601026,2714.85,CONFIRMED
ord_a6ca4229,cust_1ff88c64,quote_28bfa5be,2026-08-17 23:10:05.601026,1596.02,CONFIRMED
ord_6dedbadf,cust_3e7091d4,quote_17685702,2026-04-08 09:10:05.601026,3143.79,CONFIRMED
ord_7bf0c619,cust_69492daf,quote_1393c28f,2026-08-07 10:10:05.601026,3230.7000000000003,CONFIRMED
ord_29099f1d,cust_1ff88c64,quote_4aae1aa5,2025-10-23 06:10:05.601026,1106.08,CONFIRMED
ord_d1a0a2f0,cust_322bbdef,quote_e26b2ebc,2026-04-05 04:10:05.601026,438.39000000000004,CONFIRMED
ord_dfc9a802,cust_1226e2b4,quote_dc1e2191,2026-09-01 16:10:05.601026,3899.0499999999997,CONFIRMED
ord_8045e56a,cust_57020bdd,quote_d499796c,2025-09-22 14:10:05.601026,459.63,CONFIRMED
ord_d5d4c744,cust_5fb65258,quote_9814c182,2025-10-26 20:10:05.601026,1562.3899999999999,CONFIRMED
ord_b705969e,cust_35bcb900,quote_3feee5b0,2025-11-25 02:10:05.601026,1813.87,CONFIRMED
ord_32aded62,cust_802f59e0,quote_c8c752c8,2026-02-28 01:10:05.601026,614.6300000000001,CONFIRMED
ord_0216ca19,cust_5199088a,quote_390c8793,2026-03-09 20:10:05.601026,306.6,CONFIRMED
ord_42bb8034,cust_88dc3738,quote_06f964a3,2026-07-21 12:10:05.601026,2351.7000000000003,CONFIRMED
ord_25024c12,cust_0b27ce82,quote_21f53b55,2026-01-04 15:10:05.601026,2572.12,CONFIRMED
ord_5b7e73d1,cust_8cdf7d4e,quote_10708daf,2026-02-21 17:10:05.601026,3712.39,CONFIRMED
ord_50c5659d,cust_898c54d5,quote_9fc684c6,2026-03-23 08:10:05.601026,2804.8399999999997,CONFIRMED
ord_f1f65e95,cust_b5f9471e,quote_40707fe5,2026-06-02 03:10:05.601026,872.41,CONFIRMED
ord_ac7be8a1,cust_d1ed441a,quote_9a1e9ea6,2025-12-25 15:10:05.601026,705.65,CONFIRMED
ord_8531b36a,cust_5329889c,quote_34fbe5ad,2026-04-02 01:10:05.601026,3141.97,CONFIRMED
ord_79178231,cust_0b27ce82,quote_db80d141,2026-02-16 02:10:05.601026,620.91,CONFIRMED
ord_eedcfc66,cust_e7123a90,quote_744b25b0,2025-12-02 11:10:05.601026,479.69000000000005,CONFIRMED
ord_9a0c8b16,cust_5329889c,quote_425d310a,2026-09-12 23:10:05.601026,276.79,CONFIRMED
ord_e174c69b,cust_b4a9dca3,quote_dc7d1837,2026-07-22 12:10:05.601026,4149.28,CONFIRMED
ord_4d103e28,cust_3f9d4565,quote_68044dde,2025-11-29 14:10:05.601026,304.02,CONFIRMED
ord_43b378c5,cust_898c54d5,quote_3bcb7ebb,2026-02-17 11:10:05.601026,638.64,CONFIRMED
ord_87f9ac7e,cust_7a79b0e8,quote_9861e8d5,2026-04-03 21:10:05.601026,787.6800000000001,CONFIRMED
ord_e1477168,cust_f9e341c0,quote_f7f2d86f,2026-01-02 19:10:05.601026,878.8000000000001,CONFIRMED
ord_7d4d6b4d,cust_ce1f66a4,quote_b286f5d2,2025-12-20 17:10:05.601026,170.13,CONFIRMED
ord_1a4b91b2,cust_82e21b4c,quote_189801ee,2026-05-08 02:10:05.601026,4215.82,CONFIRMED
ord_1e29a336,cust_f6330c6d,quote_e015954d,2026-03-29 20:10:05.601026,2413.93,CONFIRMED
ord_8127336a,cust_84914d14,quote_4b827117,2026-01-31 01:10:05.601026,4575.889999999999,CONFIRMED
ord_b55f6858,cust_84914d14,quote_8d60a373,2026-05-24 11:10:05.601026,2938.0,CONFIRMED
ord_7557c636,cust_8647b943,quote_05927af7,2026-07-14 17:10:05.601026,2685.21,CONFIRMED
ord_83547277,cust_9f854076,quote_fb26afcc,2026-08-01 13:10:05.601026,1451.88,CONFIRMED
ord_a0524dde,cust_12ae9a83,quote_9f370157,2026-07-10 18:10:05.601026,3984.5299999999997,CONFIRMED
ord_dd3012a5,cust_b8d41557,quote_becf1417,2025-12-28 02:10:05.601026,1688.75,CONFIRMED
ord_ef5e9581,cust_843ab967,quote_4295ade0,2025-11-07 16:10:05.601026,1299.23,CONFIRMED
ord_ae4730e6,cust_ceb41cd8,quote_e07fc762,2026-01-31 18:10:05.601026,613.01,CONFIRMED
ord_a8700ef7,cust_c530da41,quote_a9b71477,2026-04-04 16:10:05.601026,3024.6099999999997,CONFIRMED
ord_740c2e62,cust_ceb41cd8,quote_f811d936,2026-08-07 09:10:05.601026,527.35,CONFIRMED
ord_b052969b,cust_57020bdd,quote_00db0398,2025-12-20 05:10:05.601026,939.0,CONFIRMED
ord_b0ff3ef7,cust_322bbdef,quote_67a67a89,2025-11-11 06:10:05.601026,1561.31,CONFIRMED
ord_256b90a5,cust_faaa7a40,quote_a6eb87a4,2026-01-20 21:10:05.601026,5574.27,CONFIRMED
ord_b94c0be9,cust_1226e2b4,quote_22493896,2026-05-05 21:10:05.601026,3191.59,CONFIRMED
ord_ecf371d1,cust_bc936013,quote_8f03b27e,2026-02-03 04:10:05.601026,682.4200000000001,CONFIRMED
ord_4d4f5e39,cust_fb37096e,quote_d649296c,2026-03-02 09:10:05.601026,1446.69,CONFIRMED
ord_fa1b6672,cust_ce1f66a4,quote_1c7647da,2026-02-05 21:10:05.601026,1927.3300000000002,CONFIRMED
ord_62ba7341,cust_5199088a,quote_dda3c57c,2026-05-30 12:10:05.601026,2314.3500000000004,CONFIRMED
ord_40bfa3dc,cust_4ba29bc8,quote_cf217ad9,2026-06-07 08:10:05.601026,2860.95,CONFIRMED
ord_0cffe1b2,cust_822142bd,quote_baaf55a4,2025-09-17 02:10:05.601026,1390.91,CONFIRMED
ord_c32ad217,cust_5e885041,quote_7f99589e,2026-02-19 11:10:05.601026,22311.51,CONFIRMED
ord_ee8f558e,cust_83055eb2,quote_64569220,2025-12-14 02:10:05.601026,1520.02,CONFIRMED
ord_42815bc8,cust_84914d14,quote_714124d5,2025-12-21 03:10:05.601026,1077.48,CONFIRMED
ord_81d213c0,cust_61ea4e53,quote_25fa548d,2026-05-06 21:10:05.601026,3910.5799999999995,CONFIRMED
ord_9d58be86,cust_5471fb8a,quote_13f20077,2026-07-23 04:10:05.601026,4809.12,CONFIRMED
ord_69784b55,cust_b0bce66f,quote_4a457a94,2026-02-10 20:10:05.601026,2581.81,CONFIRMED
ord_51d5c3e9,cust_83055eb2,quote_02f924a5,2025-12-13 11:10:05.601026,424.33000000000004,CONFIRMED
ord_8085bca0,cust_cf13c2af,quote_81529af2,2026-06-16 11:10:05.601026,880.2,CONFIRMED
ord_4a9586e5,cust_41d19430,quote_3e53d78a,2025-10-16 13:10:05.601026,5225.98,CONFIRMED
ord_92108b85,cust_b0bce66f,quote_3d28b1f2,2026-02-27 06:10:05.601026,788.04,CONFIRMED
ord_3011ee50,cust_1226e2b4,quote_803e2dc2,2026-06-26 00:10:05.601026,451.70000000000005,CONFIRMED
ord_e4c288bb,cust_8c59fa3f,quote_419cd260,2026-04-17 21:10:05.601026,3354.66,CONFIRMED
ord_de94cfaa,cust_c3571491,quote_472b2298,2025-12-11 05:10:05.601026,4110.71,CONFIRMED
ord_b6c26bfc,cust_8035f667,quote_102ceb7e,2026-02-20 18:10:05.601026,682.4,CONFIRMED
ord_67d55a7a,cust_7c8d0f0a,quote_882d43ab,2026-06-19 04:10:05.601026,2098.0800000000004,CONFIRMED
ord_3d430bf7,cust_4d188ce5,quote_2cd83def,2025-09-27 10:10:05.601026,4221.58,CONFIRMED
ord_523454e4,cust_c56c6575,quote_7bc105aa,2025-12-07 01:10:05.601026,1071.2400000000002,CONFIRMED
ord_f25ed2a2,cust_6bebe3ea,quote_1f984186,2026-04-21 19:10:05.601026,3079.73,CONFIRMED
ord_22307e01,cust_c3571491,quote_929d2d68,2026-08-08 23:10:05.601026,6321.1,CONFIRMED
ord_c00c3a95,cust_4e5d5042,quote_c8e9aa53,2026-01-07 22:10:05.601026,1460.91,CONFIRMED
ord_bcd6eedb,cust_0b6086ec,quote_9f9dfad4,2025-12-16 13:10:05.601026,2032.0099999999998,CONFIRMED
ord_d92fd8cf,cust_0b6086ec,quote_791b8f51,2025-12-17 11:10:05.601026,4444.45,CONFIRMED
ord_79578933,cust_9f854076,quote_4dfbd274,2025-11-23 12:10:05.601026,441.26000000000005,CONFIRMED
ord_3ae54148,cust_5b9af17f,quote_43b2cc06,2026-07-20 09:10:05.601026,1674.82,CONFIRMED
ord_72f92404,cust_a2b0c037,quote_2f4006c8,2026-03-14 05:10:05.601026,2668.03,CONFIRMED
ord_5273f99a,cust_1311cb1a,quote_d954234e,2025-09-29 03:10:05.601026,1210.48,CONFIRMED
ord_6388885e,cust_fb37096e,quote_7c757b95,2025-12-04 20:10:05.601026,1727.1699999999998,CONFIRMED
ord_dd8735a1,cust_3f9d4565,quote_900b93d4,2026-03-29 09:10:05.601026,2702.6000000000004,CONFIRMED
ord_e7c229da,cust_d1ed441a,quote_4ebf720f,2025-12-28 17:10:05.601026,930.61,CONFIRMED
ord_ac2676f8,cust_82e21b4c,quote_497e2e4f,2025-12-14 03:10:05.601026,1616.48,CONFIRMED
ord_52703ac6,cust_1ff5ebdc,quote_59503394,2026-02-09 03:10:05.601026,2208.13,CONFIRMED
ord_afe52e8d,cust_4ba29bc8,quote_0edf563c,2026-01-16 00:10:05.601026,1086.74,CONFIRMED
ord_fc1deff7,cust_b957ff58,quote_559d25f7,2026-08-13 11:10:05.601026,1603.48,CONFIRMED
ord_052bd234,cust_82e21b4c,quote_cc61fa60,2026-08-02 15:10:05.601026,983.53,CONFIRMED
ord_6bae82a6,cust_7f9dd2bf,quote_9d925589,2026-04-17 20:10:05.601026,191.02,CONFIRMED
ord_949d113b,cust_715a01aa,quote_ae9d0626,2026-06-13 03:10:05.601026,1206.07,CONFIRMED
ord_8ac28217,cust_843ab967,quote_288c0a8f,2025-12-23 12:10:05.601026,4949.5,CONFIRMED
ord_2977f59a,cust_5fb65258,quote_451e4a83,2026-04-15 02:10:05.601026,2059.5600000000004,CONFIRMED
ord_51a22a82,cust_b957ff58,quote_689a44aa,2026-07-12 04:10:05.601026,3386.3500000000004,CONFIRMED
ord_af71d023,cust_f6647730,quote_924f5684,2026-07-27 18:10:05.601026,1143.92,CONFIRMED
ord_63e47800,cust_69492daf,quote_79801df0,2025-12-03 01:10:05.601026,635.17,CONFIRMED
ord_30d9922d,cust_3f9d4565,quote_8bac8574,2025-11-30 06:10:05.601026,4103.05,CONFIRMED
ord_e2edf0a5,cust_2049b501,quote_7106f3d5,2026-06-29 07:10:05.601026,5112.54,CONFIRMED
ord_bde03680,cust_c3571491,quote_b30b86a0,2026-04-07 05:10:05.601026,8182.620000000001,CONFIRMED
ord_c411be75,cust_3f9d4565,quote_bb209b03,2026-01-23 14:10:05.601026,2450.88,CONFIRMED
ord_bbee2538,cust_802f59e0,quote_550e9ce7,2025-09-28 23:10:05.601026,3991.0800000000004,CONFIRMED
ord_23172fee,cust_215bbb49,quote_53e9f274,2025-11-22 01:10:05.601026,3578.39,CONFIRMED
ord_01ff23ca,cust_efe291d0,quote_358ca9e8,2025-11-07 13:10:05.601026,10204.330000000002,CONFIRMED
ord_77df3662,cust_6449b0f4,quote_102bcfd2,2026-05-16 05:10:05.601026,4577.03,CONFIRMED
ord_94f881c6,cust_6cd93739,quote_1fac70cd,2026-05-11 19:10:05.601026,4315.030000000001,CONFIRMED
ord_85a3365a,cust_405b3327,quote_ef280c15,2026-01-06 06:10:05.601026,16957.589999999997,CONFIRMED
ord_4d615284,cust_7adfc319,quote_3ad9b644,2026-03-16 08:10:05.601026,835.53,CONFIRMED
ord_eb62a5ea,cust_715a01aa,quote_f9a75c89,2026-03-07 12:10:05.601026,296.06,CONFIRMED
ord_de8b983f,cust_898c54d5,quote_6c18ac60,2026-04-12 08:10:05.601026,1273.25,CONFIRMED
ord_62e0d102,cust_b5f9471e,quote_91ae7c59,2025-10-19 08:10:05.601026,3413.94,CONFIRMED
ord_bd3bc266,cust_898c54d5,quote_260cec99,2026-01-12 07:10:05.601026,982.38,CONFIRMED
ord_1cc933b5,cust_405b3327,quote_5de8c357,2026-03-10 02:10:05.601026,3015.56,CONFIRMED
ord_535d1e0a,cust_fa1faded,quote_d6b02d5c,2026-07-11 09:10:05.601026,1104.84,CONFIRMED
ord_ba1d3d76,cust_db6dac0a,quote_bbb67ae6,2026-01-15 12:10:05.601026,920.5299999999999,CONFIRMED
ord_ef2731a7,cust_5329889c,quote_87dd0d0e,2026-08-07 02:10:05.601026,3514.08,CONFIRMED
ord_8b54f6c6,cust_3f9d4565,quote_edc49821,2026-03-05 09:10:05.601026,891.1200000000001,CONFIRMED
ord_e463236a,cust_9f854076,quote_dec2e780,2026-08-14 18:10:05.601026,307.81,CONFIRMED
ord_3bfbbeb6,cust_b8d41557,quote_96da07be,2026-04-11 11:10:05.601026,814.6199999999999,CONFIRMED
ord_79cd7d07,cust_8bb8f56a,quote_7e460c3f,2025-11-09 11:10:05.601026,3279.16,CONFIRMED
ord_835dbb1a,cust_822142bd,quote_f30e9115,2025-12-29 04:10:05.601026,2306.79,CONFIRMED
ord_b4f7d283,cust_3e2b9a91,quote_efb88377,2026-02-23 11:10:05.601026,446.95000000000005,CONFIRMED
ord_5181c764,cust_1ff88c64,quote_c6a79fea,2025-10-04 21:10:05.601026,11140.039999999999,CONFIRMED
ord_085c3ea2,cust_a2b0c037,quote_70d121b0,2026-04-29 07:10:05.601026,276.04,CONFIRMED
ord_2f578195,cust_36b3c9ac,quote_c465356b,2026-04-20 03:10:05.601026,1036.5600000000002,CONFIRMED
ord_f7d01f79,cust_405b3327,quote_b7240126,2025-12-17 15:10:05.601026,17329.36,CONFIRMED
ord_e0dfa704,cust_b2c27d93,quote_fd09d493,2026-01-10 05:10:05.601026,9332.470000000001,CONFIRMED
ord_8f6a7eeb,cust_e5e2a4d0,quote_ca31a431,2026-06-20 18:10:05.601026,315.90000000000003,CONFIRMED
ord_bd519e04,cust_b4a9dca3,quote_b7956dd0,2026-06-24 17:10:05.601026,4748.860000000001,CONFIRMED
ord_db4173f5,cust_42587fc7,quote_ab12e374,2026-01-19 19:10:05.601026,1333.27,CONFIRMED
ord_49fbb7a4,cust_12ae9a83,quote_1e836ea9,2025-12-21 11:10:05.601026,1507.48,CONFIRMED
ord_05281ef3,cust_c4924c0b,quote_af477048,2026-04-28 13:10:05.601026,4592.5599999999995,CONFIRMED
ord_ccdccab9,cust_ebc95cba,quote_79268dd9,2026-06-30 09:10:05.601026,2007.7600000000002,CONFIRMED
ord_38a1d9bd,cust_82e21b4c,quote_a5588019,2026-03-16 02:10:05.601026,2769.91,CONFIRMED
ord_f1fd41f3,cust_ceb41cd8,quote_bd101a47,2026-06-28 08:10:05.601026,7066.3,CONFIRMED
ord_6d6ab64c,cust_56f06fa7,quote_2fba6d1e,2026-07-29 08:10:05.601026,2959.08,CONFIRMED
ord_0649e028,cust_a2b0c037,quote_30304d85,2026-02-18 22:10:05.601026,259.44,CONFIRMED
ord_acd07dde,cust_1d7b20af,quote_cca5e351,2026-03-02 16:10:05.601026,970.97,CONFIRMED
ord_068de36b,cust_275958e1,quote_b6971868,2026-03-16 22:10:05.601026,4784.12,CONFIRMED
ord_9226342c,cust_8647b943,quote_7c76ed4f,2026-05-19 15:10:05.601026,3997.2299999999996,CONFIRMED
ord_15664ef1,cust_4d188ce5,quote_eeaf35f2,2026-03-28 16:10:05.601026,1973.75,CONFIRMED
ord_7005b106,cust_69492daf,quote_07494236,2026-08-11 00:10:05.601026,2723.9300000000003,CONFIRMED
ord_3ddd55e4,cust_3f9d4565,quote_1e3ff31b,2026-03-10 00:10:05.601026,1612.59,CONFIRMED
ord_633a4c65,cust_a2b0c037,quote_0e01c7df,2026-06-13 07:10:05.601026,1079.1200000000001,CONFIRMED
ord_63b9a4a8,cust_822142bd,quote_5cabf734,2026-06-03 08:10:05.601026,3679.19,CONFIRMED
ord_d2858440,cust_fa1faded,quote_c9c9a4b5,2026-07-03 05:10:05.601026,365.53,CONFIRMED
ord_ddaeb30d,cust_8035f667,quote_669d3948,2026-01-20 11:10:05.601026,1654.11,CONFIRMED
ord_6de3a0c8,cust_f9e341c0,quote_2ecee206,2026-01-01 18:10:05.601026,1028.78,CONFIRMED
ord_64b8af79,cust_c4924c0b,quote_3e9a1f5b,2026-08-15 02:10:05.601026,1222.13,CONFIRMED
ord_6016cf3c,cust_6449b0f4,quote_ebc7fafd,2026-03-28 11:10:05.601026,5777.01,CONFIRMED
ord_b113169b,cust_a2b0c037,quote_2dfcebf6,2026-01-18 22:10:05.601026,4762.71,CONFIRMED
ord_656e2409,cust_4604301d,quote_9f537451,2026-02-23 19:10:05.601026,882.5400000000001,CONFIRMED
ord_a3a8c275,cust_5e885041,quote_a5669156,2026-03-29 13:10:05.601026,5034.19,CONFIRMED
ord_c0673b73,cust_1d7b20af,quote_3a243331,2025-11-17 02:10:05.601026,1641.7399999999998,CONFIRMED
ord_acf3a902,cust_41d19430,quote_27762127,2025-11-24 04:10:05.601026,1944.55,CONFIRMED
ord_91970c06,cust_ceb41cd8,quote_b0027d1f,2026-08-20 14:10:05.601026,1109.0,CONFIRMED
ord_ee9a6c0a,cust_42587fc7,quote_d2c72c47,2026-06-22 00:10:05.601026,7464.59,CONFIRMED
ord_6fa00402,cust_6449b0f4,quote_2a1ca06d,2026-04-17 12:10:05.601026,5246.03,CONFIRMED
ord_3aa3a7ce,cust_7adfc319,quote_409b573c,2026-01-12 01:10:05.601026,1339.17,CONFIRMED
ord_575d1190,cust_42587fc7,quote_ab12b15e,2026-05-15 10:10:05.601026,887.98,CONFIRMED
ord_7504ef8b,cust_3752d640,quote_b205e842,2026-06-01 10:10:05.601026,1050.05,CONFIRMED
ord_5c1fcb60,cust_843ab967,quote_af40ffe2,2026-06-09 18:10:05.601026,1960.79,CONFIRMED
ord_ea358a1f,cust_843ab967,quote_5ef27a11,2025-10-12 07:10:05.601026,399.34,CONFIRMED
ord_c9812fa8,cust_faaa7a40,quote_5a7e8002,2026-07-30 13:10:05.601026,1033.9099999999999,CONFIRMED
ord_a765191d,cust_f6647730,quote_671f81b9,2026-07-02 21:10:05.601026,100.08,CONFIRMED
ord_1759a724,cust_b5f9471e,quote_899c56a4,2026-05-15 01:10:05.601026,2484.52,CONFIRMED
ord_c51e6b42,cust_7a79b0e8,quote_58a1039a,2025-12-13 15:10:05.601026,1190.3700000000001,CONFIRMED
ord_1186488a,cust_16c62d60,quote_20ea0f29,2025-11-18 09:10:05.601026,1135.7,CONFIRMED
ord_c0159131,cust_35bcb900,quote_3c8fa0cf,2026-03-22 20:10:05.601026,2133.6000000000004,CONFIRMED
ord_f90c6a27,cust_b957ff58,quote_84a09f1f,2026-07-10 20:10:05.601026,287.53,CONFIRMED
ord_bcf292b1,cust_560682aa,quote_5b4c5f96,2026-06-19 02:10:05.601026,892.2100000000002,CONFIRMED
ord_03e1eb28,cust_215bbb49,quote_f91be412,2026-05-18 00:10:05.601026,628.6700000000001,CONFIRMED
ord_67737cd0,cust_843ab967,quote_65a467a9,2026-02-19 18:10:05.601026,3160.49,CONFIRMED
ord_565e9324,cust_3880925b,quote_a7c1bc30,2026-05-29 09:10:05.601026,65.13999999999999,CONFIRMED
ord_267957e6,cust_8bb8f56a,quote_4fd354e0,2025-09-08 19:10:05.601026,1548.37,CONFIRMED
ord_93e9792b,cust_5fb65258,quote_ff9eaf09,2026-03-04 05:10:05.601026,2087.3300000000004,CONFIRMED
ord_884e345f,cust_7adfc319,quote_2ae2261d,2026-05-09 17:10:05.601026,2748.94,CONFIRMED
ord_be45bc21,cust_42587fc7,quote_3c93c033,2026-05-13 16:10:05.601026,3775.9700000000003,CONFIRMED
ord_2d034b0b,cust_5199088a,quote_448eadf9,2026-03-20 04:10:05.601026,270.96000000000004,CONFIRMED
ord_2660c9c4,cust_57020bdd,quote_1de8ee7b,2026-01-28 12:10:05.601026,4009.52,CONFIRMED
ord_6b749112,cust_bc936013,quote_2cf5b837,2026-02-11 12:10:05.601026,3111.89,CONFIRMED
ord_0bfe83e6,cust_f4e1755e,quote_64921213,2025-10-30 22:10:05.601026,374.02,CONFIRMED
ord_67308356,cust_b8d41557,quote_016c2b57,2026-06-28 08:10:05.601026,2485.27,CONFIRMED
ord_e7566f09,cust_3880925b,quote_8443cb8b,2026-04-07 12:10:05.601026,3751.1700000000005,CONFIRMED
ord_274eb5e6,cust_cf13c2af,quote_3e854756,2026-06-11 21:10:05.601026,2484.6200000000003,CONFIRMED
ord_e5906a6e,cust_7c8d0f0a,quote_e4cde46f,2026-02-11 06:10:05.601026,1736.63,CONFIRMED
ord_526eef75,cust_c4924c0b,quote_e79f8501,2025-10-24 16:10:05.601026,9499.41,CONFIRMED
ord_41059631,cust_7adfc319,quote_bf945d60,2026-07-05 18:10:05.601026,2676.75,CONFIRMED
ord_20c3a510,cust_1ff5ebdc,quote_9fa06aa9,2025-10-04 18:10:05.601026,1581.8,CONFIRMED
ord_843fdbd6,cust_4604301d,quote_9120b7ed,2025-11-15 04:10:05.601026,3690.8500000000004,CONFIRMED
ord_bad50b6d,cust_ebc95cba,quote_dfe35311,2025-09-25 14:10:05.601026,2038.0400000000002,CONFIRMED
ord_61184399,cust_843ab967,quote_8deb6af3,2026-08-29 12:10:05.601026,2636.15,CONFIRMED
ord_d5c82a87,cust_8647b943,quote_67ed72aa,2025-09-27 17:10:05.601026,340.02000000000004,CONFIRMED
ord_b14d94e2,cust_7c8d0f0a,quote_6fcd0eaa,2025-10-28 11:10:05.601026,19668.29,CONFIRMED
ord_39231e28,cust_b4a9dca3,quote_a29b5589,2025-12-31 14:10:05.601026,2083.84,CONFIRMED
ord_51e82ab3,cust_e5e2a4d0,quote_d2dd2be0,2026-05-01 08:10:05.601026,267.41999999999996,CONFIRMED
ord_40a2e601,cust_1d7b20af,quote_21479d12,2026-06-16 21:10:05.601026,3144.05,CONFIRMED
ord_9d15929b,cust_a1d12aca,quote_734101a1,2026-07-30 05:10:05.601026,662.6700000000001,CONFIRMED
ord_44c9aeb0,cust_6449b0f4,quote_dda88128,2025-12-05 18:10:05.601026,199.10999999999999,CONFIRMED
ord_71d9c4b1,cust_ce1f66a4,quote_c3a0a586,2026-08-06 18:10:05.601026,752.27,CONFIRMED
ord_75de80a7,cust_d1ed441a,quote_890640eb,2026-05-06 22:10:05.601026,21742.47,CONFIRMED
ord_cb4a9a82,cust_61ea4e53,quote_1d0dcc9a,2026-04-21 14:10:05.601026,2903.4300000000003,CONFIRMED
ord_1ed6cdb9,cust_faaa7a40,quote_dc88822b,2025-11-30 19:10:05.601026,1664.68,CONFIRMED
ord_3e99cd97,cust_94257e9c,quote_e142efa1,2026-04-22 10:10:05.601026,1400.8200000000002,CONFIRMED
ord_97249646,cust_5329889c,quote_70f94f54,2025-12-23 02:10:05.601026,1152.88,CONFIRMED
ord_a1534847,cust_f6330c6d,quote_001b89b7,2026-06-26 19:10:05.601026,2461.31,CONFIRMED
ord_5c7d6ab5,cust_efe291d0,quote_2eb9800e,2026-03-22 06:10:05.601026,447.18,CONFIRMED
ord_dea15ffb,cust_8035f667,quote_a38b3ca6,2026-02-15 17:10:05.601026,2665.23,CONFIRMED
ord_97b6c59b,cust_57020bdd,quote_ceb56d68,2025-11-20 05:10:05.601026,231.3,CONFIRMED
ord_30bdb576,cust_3880925b,quote_53137752,2026-06-30 22:10:05.601026,4637.27,CONFIRMED
ord_10da553b,cust_36b3c9ac,quote_803fe3ca,2026-06-25 14:10:05.601026,205.47,CONFIRMED
ord_5c662ac5,cust_b5f9471e,quote_581e50d1,2026-08-09 03:10:05.601026,5945.650000000001,CONFIRMED
ord_b2e25d44,cust_c3571491,quote_2194b569,2026-07-01 13:10:05.601026,1598.56,CONFIRMED
ord_64234e73,cust_69492daf,quote_2e8324ee,2026-08-15 21:10:05.601026,614.09,CONFIRMED
ord_f9453817,cust_5b9af17f,quote_0a893d9a,2026-01-22 21:10:05.601026,5823.67,CONFIRMED
ord_c7228ae6,cust_b8d41557,quote_37366718,2025-10-14 18:10:05.601026,843.4300000000001,CONFIRMED
ord_f02ad494,cust_3880925b,quote_41b4577f,2025-12-23 13:10:05.601026,265.71,CONFIRMED
ord_22145ac3,cust_802f59e0,quote_f9606019,2026-06-02 19:10:05.601026,4223.57,CONFIRMED
ord_5f936642,cust_5fb65258,quote_05831cf9,2025-10-13 14:10:05.601026,6440.25,CONFIRMED
ord_d1d4de72,cust_4e5d5042,quote_dde6514e,2026-01-13 19:10:05.601026,632.57,CONFIRMED
ord_56a21ebc,cust_7f9dd2bf,quote_b5f7de36,2026-07-09 13:10:05.601026,1711.96,CONFIRMED
ord_049c0c8c,cust_ebc95cba,quote_dd1ff898,2026-06-08 05:10:05.601026,12140.32,CONFIRMED
ord_2208a45a,cust_c4924c0b,quote_b5484de0,2025-10-19 16:10:05.601026,498.19000000000005,CONFIRMED
ord_44ff0d11,cust_715a01aa,quote_6484b267,2026-03-10 23:10:05.601026,6595.7699999999995,CONFIRMED
ord_ecc8b933,cust_4604301d,quote_8fb06c94,2026-07-30 08:10:05.601026,273.15000000000003,CONFIRMED
ord_3e013912,cust_3e7091d4,quote_075518cb,2026-01-18 11:10:05.601026,19392.26,CONFIRMED
ord_48870909,cust_f4e1755e,quote_e8a5129d,2026-04-04 10:10:05.601026,835.6800000000001,CONFIRMED
ord_dcd53414,cust_5329889c,quote_f3d7bc75,2026-07-02 04:10:05.601026,1658.66,CONFIRMED
ord_44591cf3,cust_5fb65258,quote_81c6f1db,2026-07-19 06:10:05.601026,475.63000000000005,CONFIRMED
ord_025c58df,cust_b4a9dca3,quote_bfee9e4e,2026-05-27 12:10:05.601026,144.51000000000002,CONFIRMED
ord_5a377ed0,cust_215bbb49,quote_fe26374b,2026-01-17 04:10:05.601026,4334.6900000000005,CONFIRMED
ord_7765e137,cust_a1d12aca,quote_729f6fb6,2025-09-21 02:10:05.601026,344.86,CONFIRMED
ord_958efa63,cust_3f9d4565,quote_0a18ee5a,2026-08-24 10:10:05.601026,1105.1200000000001,CONFIRMED
ord_45357f43,cust_560682aa,quote_b7506b63,2025-10-07 05:10:05.601026,2876.92,CONFIRMED
ord_1e246e19,cust_7c8d0f0a,quote_8f35809b,2026-02-07 11:10:05.601026,3892.8199999999997,CONFIRMED
ord_e7de3070,cust_4e5d5042,quote_aae03c79,2025-09-29 16:10:05.601026,7520.499999999999,CONFIRMED
ord_f38130a7,cust_88dc3738,quote_c4e34c25,2026-05-09 19:10:05.601026,2798.0,CONFIRMED
ord_52fedae4,cust_5199088a,quote_abbbdc00,2026-08-02 09:10:05.601026,1345.26,CONFIRMED
ord_e531e9b6,cust_d1ed441a,quote_64f0d3e9,2025-11-19 15:10:05.601026,2327.96,CONFIRMED
ord_625f61e7,cust_faaa7a40,quote_9459f076,2025-11-27 21:10:05.601026,545.28,CONFIRMED
ord_cb682603,cust_969bf7c5,quote_49927808,2025-12-30 01:10:05.601026,4063.0800000000004,CONFIRMED
ord_a5ed47fc,cust_56f06fa7,quote_4ae1a1b4,2026-06-23 09:10:05.601026,5896.66,CONFIRMED
ord_cddc0d22,cust_3f9d4565,quote_9685e08b,2026-08-13 17:10:05.601026,26021.2,CONFIRMED
ord_e82aea3f,cust_bc936013,quote_bd452ebd,2025-12-04 18:10:05.601026,1399.6999999999998,CONFIRMED
ord_7e7008ef,cust_b2c27d93,quote_50614c31,2026-03-11 06:10:05.601026,7809.699999999999,CONFIRMED
ord_0e3d64be,cust_82e21b4c,quote_d3e4fd13,2026-08-29 11:10:05.601026,3723.3,CONFIRMED
ord_f53bff04,cust_79ddb8e2,quote_7f9c4c08,2026-04-22 04:10:05.601026,4447.370000000001,CONFIRMED
ord_5358033b,cust_88dc3738,quote_6cec5f86,2026-04-15 13:10:05.601026,2221.7,CONFIRMED
ord_fdcb3db4,cust_1ff88c64,quote_b38fdda3,2026-06-21 11:10:05.601026,1370.09,CONFIRMED
